id;nom_fr;nom_en;pays;lat;lon
Q1000115;Faversham;Faversham;GB;51.3177;0.8928
Q1000597;Burton upon Trent;Burton upon Trent;GB;52.801944444444;-1.6366666666667
Q1000656;Felixstowe;Felixstowe;GB;51.96388888888889;1.3513888888888888
Q1000662;Stamford;Stamford;GB;52.6556;-0.4837
Q1000679;Wokingham;Wokingham;GB;51.41;-0.84
Q1000717;Tewkesbury;Tewkesbury;GB;51.986;-2.136
Q1000740;Goole;Goole;GB;53.699216666667;-0.86917222222222
Q1001935;Stranraer;Stranraer;GB;54.901388888889;-5.035
Q1002124;Lanark;Lanark;GB;55.6749;-3.77702
Q1002133;Dunbar;Dunbar;GB;55.998333333333;-2.5227777777778
Q1002177;Stonehaven;Stonehaven;GB;56.96;-2.21
Q1002835;St Erth;St Erth;GB;50.166;-5.437
Q1003123;Builth Wells;Builth Wells;GB;52.14;-3.41
Q1003196;Sheerness;Sheerness;GB;51.441111111111;0.76083333333333
Q1003286;Cottingham;Cottingham;GB;53.7822;-0.413629
Q1003761;Stowe;Stowe;GB;52.018;-1.017
Q1007088;Helensburgh;Helensburgh;GB;56.00701;-4.7318
Q1007093;Exmouth;Exmouth;GB;50.62;-3.413
Q1007106;Totnes;Totnes;GB;50.43216;-3.68391
Q1008765;Clitheroe;Clitheroe;GB;53.8711;-2.3916
Q1009114;Fauldhouse;Fauldhouse;GB;55.8272;-3.70907
Q1009235;Pontefract;Pontefract;GB;53.691;-1.312
Q1009242;Didcot;Didcot;GB;51.606111111111;-1.2411111111111
Q1009261;Caerleon;Caerleon;GB;51.610277777777775;-2.9558333333333335
Q1009290;Pudsey;Pudsey;GB;53.797;-1.663
Q1009316;Runcorn;Runcorn;GB;53.341944444444444;-2.733611111111111
Q1009331;Alloa;Alloa;GB;56.1155;-3.7912
Q1009524;Whalley;Whalley;GB;53.824088888889;-2.40405
Q1009722;Gartcosh;Gartcosh;GB;55.8881;-4.08222
Q1009725;North Queensferry;North Queensferry;GB;56.01111111111111;-3.3941666666666666
Q1009805;Caldercruix;Caldercruix;GB;55.89;-3.88
Q1009833;Gorebridge;Gorebridge;GB;55.8436;-3.05
Q1009859;Hagley;Hagley;GB;52.43;-2.12
Q1009895;East Linton;East Linton;GB;55.9833;-2.65
Q1009915;Shotts;Shotts;GB;55.8224;-3.80393
Q1010044;Langbank;Langbank;GB;55.9241;-4.58634
Q1010108;Earlston;Earlston;GB;55.6382675;-2.6769733
Q1010169;Holmes Chapel;Holmes Chapel;GB;53.204;-2.353
Q1010180;Lochwinnoch;Lochwinnoch;GB;55.7925;-4.62856
Q1010210;Redruth;Redruth;GB;50.233;-5.224
Q1010221;Hayle;Hayle;GB;50.183;-5.416
Q1010263;Cowdenbeath;Cowdenbeath;GB;56.11;-3.35
Q1010266;Kinghorn;Kinghorn;GB;56.07;-3.17
Q1010320;West Kilbride;West Kilbride;GB;55.6966;-4.8576
Q1010363;Newtonmore;Newtonmore;GB;57.0692;-4.1188
Q1010422;Inverkeithing;Inverkeithing;GB;56.033333333333;-3.3833333333333
Q1010531;Forres;Forres;GB;57.60859;-3.6157
Q1010557;Mallaig;Mallaig;GB;57.0045;-5.8293
Q1010998;Portree;Portree;GB;57.413055555556;-6.1936111111111
Q1011095;New Cumnock;New Cumnock;GB;55.3968;-4.1839
Q1011096;Deal;Deal;GB;51.2226;1.4006
Q1011389;Carluke;Carluke;GB;55.7337;-3.83427
Q1011416;Dingwall;Dingwall;GB;57.597222222222;-4.4277777777778
Q1011521;Burntisland;Burntisland;GB;56.059444444444445;-3.2325
Q1011545;Wemyss Bay;Wemyss Bay;GB;55.884;-4.887
Q1011555;Muir of Ord;Muir of Ord;GB;57.52;-4.46
Q1011600;Ellesmere Port;Ellesmere Port;GB;53.279;-2.897
Q1011665;Pitlochry;Pitlochry;GB;56.7033;-3.7332
Q1011677;Invergordon;Invergordon;GB;57.68833333333333;-4.168888888888889
Q1011751;West Calder;West Calder;GB;55.852;-3.56854
Q1011787;Girvan;Girvan;GB;55.2382;-4.85614
Q1011948;Stewarton;Stewarton;GB;55.68;-4.515
Q1011960;Leuchars;Leuchars;GB;56.3814;-2.8835
Q1012019;Larkhall;Larkhall;GB;55.737;-3.972
Q1012031;Wisbech;Wisbech;GB;52.664161111111;0.16031111111111
Q1012047;Cupar;Cupar;GB;56.3194;-3.01155
Q1012054;North Berwick;North Berwick;GB;56.058;-2.717
Q1012395;Carnoustie;Carnoustie;GB;56.5005;-2.71472
Q1012481;Whitehaven;Whitehaven;GB;54.548;-3.5855
Q1012502;Wick;Wick;GB;58.44317;-3.09171
Q1012535;Helston;Helston;GB;50.1;-5.27
Q101254;Newport;Newport;GB;51.58861111111111;-2.997777777777778
Q1013733;Conon Bridge;Conon Bridge;GB;57.5667;-4.43333
Q1013757;Auchinleck;Auchinleck;GB;55.468317;-4.292727
Q1013827;Kilwinning;Kilwinning;GB;55.65;-4.7
Q1014545;Cardenden;Cardenden;GB;56.133;-3.25
Q1014934;Burgess Hill;Burgess Hill;GB;50.9535;-0.1262
Q1016169;Largs;Largs;GB;55.793888888889;-4.8636111111111
Q1016308;Lochboisdale;Lochboisdale;GB;57.15;-7.31
Q1016877;Buckhaven;Buckhaven;GB;56.1776;-3.0303
Q1016904;Kingussie;Kingussie;GB;57.08;-4.05
Q1016911;Linlithgow;Linlithgow;GB;55.975277777778;-3.6105555555556
Q1016925;Galashiels;Galashiels;GB;55.620555555556;-2.8188888888889
Q1016931;Huntly;Huntly;GB;57.45;-2.78333
Q1016935;Giffnock;Giffnock;GB;55.798333333333;-4.2905555555556
Q1016956;Watton at Stone;Watton at Stone;GB;51.858;-0.113
Q1016963;Longniddry;Longniddry;GB;55.9667;-2.88333
Q1017068;St Bees;St Bees;GB;54.491686111111;-3.5898555555556
Q1017537;Inverurie;Inverurie;GB;57.284166666666664;-2.374722222222222
Q1017943;Fareham;Fareham;GB;50.85;-1.18
Q1018133;Lymington;Lymington;GB;50.75;-1.55
Q1018225;St Neots;St Neots;GB;52.227777777777774;-0.26666666666666666
Q1018418;Reigate;Reigate;GB;51.237644444444;-0.20583333333333
Q1018423;Melton Mowbray;Melton Mowbray;GB;52.7661;-0.886
Q1018429;Ilfracombe;Ilfracombe;GB;51.208;-4.12
Q1018490;Uckfield;Uckfield;GB;50.97;0.1
Q1018505;Cambuslang;Cambuslang;GB;55.81;-4.16
Q1018543;Newton Mearns;Newton Mearns;GB;55.7716;-4.3347
Q1018565;Smethwick;Smethwick;GB;52.49305555555556;-1.968611111111111
Q1018723;Coatbridge;Coatbridge;GB;55.8625;-4.0266666666667
Q1018756;Saltcoats;Saltcoats;GB;55.6352;-4.7896
Q1020030;Great Chesterford;Great Chesterford;GB;52.066;0.203
Q1020217;Minehead;Minehead;GB;51.2038;-3.4738
Q1020220;Tain;Tain;GB;57.8118;-4.0567
Q1020232;Golspie;Golspie;GB;57.973331;-3.975074
Q1020236;Portlethen;Portlethen;GB;57.061;-2.13
Q1020239;Garelochhead;Garelochhead;GB;56.081;-4.83
Q1020251;Dunoon;Dunoon;GB;55.947;-4.923
Q1020362;Hinckley;Hinckley;GB;52.5413;-1.3725
Q1020364;Swanley;Swanley;GB;51.4;0.18
Q1020800;Rye;Rye;GB;50.95;0.73333333333333
Q1020950;Inverkip;Inverkip;GB;55.912;-4.8735
Q1020951;Ilkley;Ilkley;GB;53.925;-1.822
Q1020958;Ormskirk;Ormskirk;GB;53.5665;-2.8869
Q1021167;Troon;Troon;GB;55.54;-4.66
Q1021179;Morley;Morley;GB;53.749166666667;-1.6022638888889
Q1021319;Sudbury;Sudbury;GB;52.0417;0.72815
Q1021350;Woodbridge;Woodbridge;GB;52.09388888888889;1.32
Q1022741;Widnes;Widnes;GB;53.363;-2.728
Q1023948;Hebden Bridge;Hebden Bridge;GB;53.742;-2.009
Q1024885;Llandrindod Wells;Llandrindod Wells;GB;52.243538888889;-3.3854694444444
Q1024896;Looe;Looe;GB;50.3535;-4.454
Q1024900;Pontypridd;Pontypridd;GB;51.59672;-3.33682
Q1024911;Welshpool;Welshpool;GB;52.659661111111;-3.14725
Q1024935;Harlech;Harlech;GB;52.860438888889;-4.1054888888889
Q1025063;Wylam;Wylam;GB;54.974;-1.821
Q1025076;Keswick;Keswick;GB;54.600833333333334;-3.1375
Q1025095;Yate;Yate;GB;51.540833333333;-2.4186111111111
Q1025788;Penryn;Penryn;GB;50.169;-5.107
Q1025821;Pwllheli;Pwllheli;GB;52.883333333333;-4.4166666666667
Q1026304;Thatcham;Thatcham;GB;51.405;-1.2645
Q1026648;Stow-on-the-Wold;Stow-on-the-Wold;GB;51.928;-1.718
Q1026685;Wellington;Wellington;GB;50.9755;-3.2243
Q1026775;Spean Bridge;Spean Bridge;GB;56.8912;-4.92154
Q1026785;Dalwhinnie;Dalwhinnie;GB;56.9348;-4.2417
Q1026871;Winchelsea;Winchelsea;GB;50.925;0.7083333333333334
Q1027124;Stoke Mandeville;Stoke Mandeville;GB;51.7861;-0.7914
Q1027131;Normanton;Normanton;GB;53.697;-1.416
Q1049581;Castlebay;Castlebay;GB;56.95487;-7.48658
Q1063300;Charlbury;Charlbury;GB;51.872;-1.482
Q1065474;Chipping Norton;Chipping Norton;GB;51.94;-1.55
Q10686;Belfast;Belfast;GB;54.596666666666664;-5.93
Q10690;Cardiff;Cardiff;GB;51.48166666666667;-3.1791666666666667
Q107032618;Little Mountain;Little Mountain;GB;53.163317;-3.053465
Q107033333;Hightown;Hightown;GB;53.03949;-2.98279
Q107033449;Ynys;Ynys;GB;52.896245;-4.086994
Q1070428;Chertsey;Chertsey;GB;51.3902;-0.5074
Q1070481;Cherwell;Cherwell;GB;51.95;-1.25
Q1071035;Penrhyndeudraeth;Penrhyndeudraeth;GB;52.929811111111;-4.0663027777778
Q1072019;Port Talbot;Port Talbot;GB;51.5980898;-3.7648354
Q1077003;Nantwich;Nantwich;GB;53.067;-2.522
Q10989318;Llanfihangel Rhydithon;Llanfihangel Rhydithon;GB;52.291379;-3.24538
Q110536353;Westmorland and Furness;Westmorland and Furness;GB;54.5;-2.75
Q1108196;Coleshill;Coleshill;GB;52.499;-1.708
Q1109293;Dalmally;Dalmally;GB;56.4042;-4.97417
Q112175395;Cookham Rise;Cookham Rise;GB;51.55813888888889;-0.7252777777777778
Q1125738;Congleton;Congleton;GB;53.162;-2.217
Q1139440;Crediton;Crediton;GB;50.7924;-3.6514
Q1139893;Criccieth;Criccieth;GB;52.916969444444;-4.2362611111111
Q1158089;Dalton-in-Furness;Dalton-in-Furness;GB;54.1544;-3.1814
Q1166842;Darwen;Darwen;GB;53.698;-2.461
Q11698548;Foxton;Foxton;GB;52.115;0.0586
Q11710013;Holystone;Holystone;GB;55.317;-2.072
Q11710053;Honley;Honley;GB;53.6027;-1.7921
Q11790932;Newton-le-Willows;Newton-le-Willows;GB;54.3019;-1.67078
Q11801326;Oxshott;Oxshott;GB;51.332;-0.356
Q11836773;Tadworth;Tadworth;GB;51.294;-0.242
Q1185203;Spalding;Spalding;GB;52.7858;-0.1529
Q1190876;Bromsgrove;Bromsgrove;GB;52.3353;-2.0579
Q1193749;Redcar;Redcar;GB;54.618561111111;-1.0685611111111
Q119936;Windermere;Windermere;GB;54.379444444444445;-2.906111111111111
Q12069146;Sindlesham;Sindlesham;GB;51.42;-0.887
Q1213862;Yetminster;Yetminster;GB;50.895;-2.578
Q1218503;Wool;Wool;GB;50.68;-2.223
Q1218627;Chulmleigh;Chulmleigh;GB;50.912777777778;-3.8691666666667
Q1219676;Emsworth;Emsworth;GB;50.849;-0.938
Q1223152;Tisbury;Tisbury;GB;51.0668;-2.0803
Q1225823;Combe Martin;Combe Martin;GB;51.19;-4.02
Q1227651;New Alresford;New Alresford;GB;51.0907;-1.1612
Q1229166;Dunster;Dunster;GB;51.1825;-3.4459
Q1229288;Diss;Diss;GB;52.3812;1.1079
Q122953;Corbridge;Corbridge;GB;54.975;-2.017
Q1233089;Totton and Eling;Totton and Eling;GB;50.92;-1.49
Q1234166;Spelthorne;Spelthorne;GB;51.433333333333;-0.5
Q1234271;Holsworthy;Holsworthy;GB;50.8167;-4.35
Q1234712;Havant;Havant;GB;50.85;-0.98
Q1234718;Romsey;Romsey;GB;50.989;-1.4966
Q1234797;Westbury;Westbury;GB;51.26;-2.191
Q1234805;Lynmouth;Lynmouth;GB;51.229444444444;-3.8294444444444
Q1234827;Lynton;Lynton;GB;51.230397222222;-3.8363611111111
Q1234883;Okehampton;Okehampton;GB;50.7388;-4.0041
Q1235112;Keith;Keith;GB;57.5428;-2.9555
Q1235510;Dolgellau;Dolgellau;GB;52.74305555555556;-3.8855555555555554
Q1235842;Castle Cary;Castle Cary;GB;51.087980555556;-2.51395
Q1235894;Melksham;Melksham;GB;51.373552777778;-2.1378972222222
Q1235919;New Milton;New Milton;GB;50.758619444444;-1.6682
Q123709;Dundee;Dundee;GB;56.46055555555556;-2.97
Q1241007;Bere Alston;Bere Alston;GB;50.4833;-4.2
Q1242441;Frome;Frome;GB;51.2279;-2.3215
Q1242661;Mottisfont;Mottisfont;GB;51.039552777778;-1.5371111111111
Q1247815;Petersfield;Petersfield;GB;51.003769444444;-0.93453055555556
Q1247835;Kingswood;Kingswood;GB;51.46;-2.505
Q1248368;Dawlish;Dawlish;GB;50.581;-3.466
Q1253266;Downham Market;Downham Market;GB;52.6;0.39
Q1260116;Droitwich Spa;Droitwich Spa;GB;52.267;-2.153
Q126269;Wolverhampton;Wolverhampton;GB;52.58416666666667;-2.125277777777778
Q126514;Dumfries and Galloway;Dumfries and Galloway;GB;55.07;-3.6030555555555557
Q126579;Stansted Mountfitchet;Stansted Mountfitchet;GB;51.898;0.198
Q127095;Topsham;Topsham;GB;50.686;-3.4651
Q127159;Bletchley;Bletchley;GB;51.994;-0.732
Q1277887;East Grinstead;East Grinstead;GB;51.12861111111111;-0.014444444444444446
Q128147;Kingston-upon-Hull;Kingston upon Hull;GB;53.74444444444445;-0.33249999999999996
Q1292592;Elmbridge;Elmbridge;GB;51.37;-0.3618
Q1301336;Mirfield;Mirfield;GB;53.6807;-1.6888
Q130191;Norwich;Norwich;GB;52.62861111111111;1.2927777777777778
Q130411;Garsdale;Garsdale;GB;54.301;-2.391
Q13129212;Hythe End;Hythe End;GB;51.44444444444444;-0.5402777777777777
Q13129621;Llanenddwyn;Llanenddwyn;GB;52.789486;-4.104229
Q13130720;Pentrefelin;Pentrefelin;GB;53.406045;-4.35571
Q131491;Brighton;Brighton;GB;50.82083333333333;-0.1375
Q1322462;St Germans;St Germans;GB;50.396;-4.31
Q1327770;Todmorden;Todmorden;GB;53.713;-2.096
Q1337703;Matlock;Matlock;GB;53.14;-1.55
Q134672;Exeter;Exeter;GB;50.72555555555556;-3.526944444444444
Q134902;Stoke-on-Trent;Stoke-on-Trent;GB;53.0;-2.1833333333333
Q1356429;West Malling;West Malling;GB;51.2917;0.41521111111111
Q13583536;Chavey Down;Chavey Down;GB;51.4182;-0.709245
Q13644933;Llangennech;Llangennech;GB;51.693;-4.092
Q1365059;Howden;Howden;GB;53.744111111111;-0.86341666666667
Q1382713;Newmarket;Newmarket;GB;52.2459;0.4105
Q1389537;Larbert;Larbert;GB;56.021417;-3.8306342
Q1397011;Farnworth;Farnworth;GB;53.5452;-2.3999
Q1398653;Stalybridge;Stalybridge;GB;53.4834;-2.04
Q1412238;Wrenbury-cum-Frith;Wrenbury-cum-Frith;GB;53.024;-2.603
Q1421532;Shipley;Shipley;GB;53.833;-1.777
Q1424548;Frimley;Frimley;GB;51.3143;-0.7387
Q1425428;Newcastle upon Tyne;Newcastle upon Tyne;GB;54.977777777778;-1.6133333333333
Q1428848;Flint;Flint;GB;53.244;-3.132
Q1434448;Redcar et Cleveland;Redcar and Cleveland;GB;54.579230555556;-1.0340888888889
Q1438673;Milngavie;Milngavie;GB;55.94166667;-4.31944444
Q1446963;Clarkston;Clarkston;GB;55.781;-4.28759
Q14518217;Wembworthy;Wembworthy;GB;50.8725;-3.90167
Q1464942;Frinton-on-Sea;Frinton-on-Sea;GB;51.8327;1.2452
Q146659;Clapham;Clapham;GB;51.463230555556;-0.13393888888889
Q146732;Bexleyheath;Bexleyheath;GB;51.4589;0.1384
Q146858;Wembley;Wembley;GB;51.556;-0.3042
Q1470791;Knutsford;Knutsford;GB;53.3025;-2.3708333333333336
Q1473780;West Berkshire;West Berkshire;GB;51.4009;-1.3235
Q1477061;Hoddesdon;Hoddesdon;GB;51.759;-0.015
Q1477163;Grange-over-Sands;Grange-over-Sands;GB;54.19;-2.915
Q15059270;Hartwood;Hartwood;GB;55.8113;-3.8387
Q1518891;Stanford;Stanford;GB;52.0549;-0.30359
Q1519726;Brogborough;Brogborough;GB;52.0365;-0.5946
Q1520191;Lidlington;Lidlington;GB;52.040588888889;-0.55948055555556
Q15224991;Hook;Hook;GB;51.36803;-0.3065
Q1522886;Marston Moretaine;Marston Moretaine;GB;52.062730555556;-0.54781111111111
Q1522913;Stewartby;Stewartby;GB;52.0691;-0.5139
Q15262151;Newhaven;Newhaven;GB;55.979525;-3.19320556
Q15270475;Queenborough-in-Sheppey;Queenborough-in-Sheppey;GB;51.41;0.74
Q1527491;Swaffham;Swaffham;GB;52.652894444444;0.68428611111111
Q1530983;Glenfinnan;Glenfinnan;GB;56.87083333333333;-5.4463888888888885
Q153647;St Helens;St Helens;GB;53.4541;-2.7461
Q1537181;Tonypandy;Tonypandy;GB;51.622325;-3.4512027777778
Q1538358;Workington;Workington;GB;54.6365;-3.5549
Q1546645;Sefton;Sefton;GB;53.445;-2.998
Q1547379;Groombridge;Groombridge;GB;51.115;0.185
Q156150;Powys;Powys;GB;52.3;-3.4166666666667
Q1570884;Halesworth;Halesworth;GB;52.342;1.506
Q157341;King's Lynn;King's Lynn;GB;52.7543;0.3976
Q1575653;Hanley;Hanley;GB;53.0246;-2.1729
Q1575946;Wealden;Wealden;GB;50.999;0.212
Q15921374;Eglwys Fach;Eglwys Fach;GB;52.545815;-3.936173
Q160493;Inverness;Inverness;GB;57.483888888889;-4.2258333333333
Q160642;Salisbury;Salisbury;GB;51.074;-1.7936
Q1609815;Longton;Longton;GB;52.9877;-2.1327
Q1610331;Westham;Westham;GB;50.82;0.32
Q1610804;East Preston;East Preston;GB;50.80979;-0.48111
Q1612062;Hampton in Arden;Hampton in Arden;GB;52.4311;-1.6999194444444
Q1612071;Hadfield;Hadfield;GB;53.46;-1.97
Q1612100;North Hykeham;North Hykeham;GB;53.1819;-0.5849
Q1612187;Narborough;Narborough;GB;52.5727;-1.2023
Q1612248;Bickenhill;Bickenhill;GB;52.439;-1.725
Q1612283;Brockenhurst;Brockenhurst;GB;50.82;-1.58
Q1612793;Eaglescliffe;Eaglescliffe;GB;54.52;-1.35
Q1612911;Exton;Exton;GB;50.984161111111;-1.1287472222222
Q161491;Reading;Reading;GB;51.454166666667;-0.97305555555556
Q1616042;Hessle;Hessle;GB;53.7239;-0.4319
Q1616712;Great Ayton;Great Ayton;GB;54.495688888889;-1.1291888888889
Q1618033;Thurnscoe;Thurnscoe;GB;53.545980555556;-1.3163111111111
Q1622488;Marston Green;Marston Green;GB;52.465;-1.74
Q1622949;Accrington;Accrington;GB;53.75337;-2.36384
Q1626044;Sittingbourne;Sittingbourne;GB;51.34;0.74
Q1630298;Horwich;Horwich;GB;53.592;-2.54
Q1633759;Hucknall;Hucknall;GB;53.0339;-1.2013
Q1637841;Hungerford;Hungerford;GB;51.4144;-1.5146
Q1639484;Huyton;Huyton;GB;53.41;-2.843
Q1640242;Seaford;Seaford;GB;50.77;0.1
Q1655185;Marske-by-the-Sea;Marske-by-the-Sea;GB;54.591;-1.019
Q16572187;Lingwood;Lingwood;GB;52.621916666667;1.488
Q165845;Stornoway;Stornoway;GB;58.209;-6.387
Q1684337;Tipton;Tipton;GB;52.5259;-2.0751
Q170263;Chester;Chester;GB;53.2;-2.8833333333333
Q170377;Blackpool;Blackpool;GB;53.816666666667;-3.05
Q170478;Bournemouth;Bournemouth;GB;50.72;-1.88
Q170497;Gloucester;Gloucester;GB;51.86527777777778;-2.245833333333333
Q171866;Middlesbrough;Middlesbrough;GB;54.573888888889;-1.2333333333333
Q172157;Winchester;Winchester;GB;51.063333333333;-1.3086111111111
Q172438;Peterborough;Peterborough;GB;52.5725;-0.24305555555555555
Q1734413;Seaton Delaval;Seaton Delaval;GB;55.0826;-1.4778
Q173933;Ravenglass;Ravenglass;GB;54.354;-3.411
Q1748301;Earlestown;Earlestown;GB;53.45;-2.65
Q1750378;Sandy;Sandy;GB;52.131;-0.297
Q1754096;Weybridge;Weybridge;GB;51.366666666667;-0.46666666666667
Q175632;Nuneaton;Nuneaton;GB;52.523;-1.4683
Q1757473;Lytham St Annes;Lytham St Annes;GB;53.7426;-2.997
Q1757774;Wivenhoe;Wivenhoe;GB;51.866666666667;0.9625
Q175945;North Lincolnshire;North Lincolnshire;GB;53.6;-0.65
Q1760747;Marsden;Marsden;GB;53.6011;-1.9267
Q1761;Dublin;Dublin;IE;53.34972222222222;-6.260277777777778
Q1762242;Pembroke;Pembroke;GB;51.676038888889;-4.9158
Q1765460;Aberaeron;Aberaeron;GB;52.24245;-4.25939
Q1770455;Beer Hackett;Beer Hackett;GB;50.904;-2.572
Q1770481;Ruabon;Ruabon;GB;52.986980555556;-3.0397111111111
Q1770495;Goodwick;Goodwick;GB;52.003;-4.992
Q177165;Narberth;Narberth;GB;51.7989;-4.7423
Q1774403;Camborne;Camborne;GB;50.213;-5.3
Q1774629;Irvine;Irvine;GB;55.619444444444;-4.6611111111111
Q1774850;Ystrad Mynach;Ystrad Mynach;GB;51.6419;-3.2405
Q177544;Horsham;Horsham;GB;51.062;-0.325
Q1776917;Bramley;Bramley;GB;51.1934;-0.5576
Q1776955;West Oxfordshire;West Oxfordshire;GB;51.793333333333;-1.4791666666667
Q1779508;Settle;Settle;GB;54.072130555556;-2.2818888888889
Q1780228;Halvergate;Halvergate;GB;52.606688888889;1.57865
Q1780998;Sunningdale;Sunningdale;GB;51.398;-0.626
Q1786145;Port Glasgow;Port Glasgow;GB;55.94;-4.69
Q1787230;Wymondham;Wymondham;GB;52.57;1.116
Q1791022;Beeston;Beeston;GB;53.116666666667;-2.6833333333333
Q179224;Douvres;Dover;GB;51.1275;1.3122222222222
Q179259;Crowborough;Crowborough;GB;51.06;0.16
Q179351;Westminster;Westminster;GB;51.4975;-0.13722222222222
Q179406;Grimsby;Grimsby;GB;53.5675;-0.08
Q1797598;Bamford;Bamford;GB;53.3485;-1.6894
Q179815;Durham;Durham;GB;54.783333333333;-1.5666666666667
Q180057;Lincoln;Lincoln;GB;53.25;-0.55
Q1807530;Hatton;Hatton;GB;52.867;-1.68
Q180803;Truro;Truro;GB;50.26;-5.051
Q1810766;Leatherhead;Leatherhead;GB;51.2951;-0.3289
Q1811605;Rother;Rother;GB;50.95;0.5333333333333333
Q1812807;Westgate-on-Sea;Westgate-on-Sea;GB;51.381388888888885;1.3380555555555556
Q1813948;Prestatyn;Prestatyn;GB;53.331;-3.405
Q1814569;Risca;Risca;GB;51.608;-3.091
Q18161573;New Forest;New Forest;GB;54.443;-1.902
Q1816620;Rugeley;Rugeley;GB;52.7599;-1.9388
Q1817504;Great Missenden;Great Missenden;GB;51.704;-0.708
Q1818828;Rothesay;Rothesay;GB;55.83638888888889;-5.055
Q1818988;Walton-on-the-Naze;Walton-on-the-Naze;GB;51.848;1.268
Q1828371;Lakenheath;Lakenheath;GB;52.4136;0.5226
Q182923;Stirling;Stirling;GB;56.1166;-3.9369
Q1830491;Whiston;Whiston;GB;53.413;-2.798
Q183296;Brighouse;Brighouse;GB;53.707;-1.794
Q1833112;Crowthorne;Crowthorne;GB;51.37;-0.792
Q1836076;Elsenham;Elsenham;GB;51.9204;0.226
Q184090;Preston;Preston;GB;53.759444444444;-2.6980555555556
Q184163;Colchester;Colchester;GB;51.888611;0.903611
Q184579;Bolton;Bolton;GB;53.57833333333333;-2.43
Q184775;Ipswich;Ipswich;GB;52.059444444444;1.1555555555556
Q1851095;Redhill;Redhill;GB;51.2393;-0.1726
Q1853349;Melton;Melton;GB;52.8;-0.8
Q1854684;Gerrards Cross;Gerrards Cross;GB;51.5882;-0.553
Q1856936;Southminster;Southminster;GB;51.6598;0.831
Q1857198;Aspatria;Aspatria;GB;54.7633;-3.3281
Q1857382;Barnsley;Barnsley;GB;53.55;-1.4666666666667
Q1857563;Oldbury;Oldbury;GB;52.505;-2.0159
Q1857774;Nelson;Nelson;GB;53.8346;-2.218
Q1858117;Briton Ferry;Briton Ferry;GB;51.64;-3.83
Q1858244;Water Orton;Water Orton;GB;52.517;-1.736
Q1858460;Bardon Mill;Bardon Mill;GB;54.975;-2.337
Q1861278;Witham;Witham;GB;51.7978;0.6373
Q18632;Poynton;Poynton;GB;53.34916666666667;-2.1222222222222222
Q18636;Hazel Grove;Hazel Grove;GB;53.3754;-2.1119
Q1863826;Etchingham;Etchingham;GB;51.0;0.43
Q1865037;Winsley;Winsley;GB;51.348;-2.286
Q18655;Stockport;Stockport;GB;53.408333333333;-2.1494444444444
Q1865570;Teynham;Teynham;GB;51.33;0.8
Q1867311;Lochawe;Lochawe;GB;56.39833333;-5.04916667
Q1869035;Haddiscoe;Haddiscoe;GB;52.515138888889;1.6006194444444
Q1869251;Hassocks;Hassocks;GB;50.923302777778;-0.15086388888889
Q1878048;Campsea Ashe;Campsea Ashe;GB;52.153;1.406
Q1878732;Rotherham;Rotherham;GB;53.430833333333;-1.3547222222222
Q187892;Bridge of Allan;Bridge of Allan;GB;56.1549;-3.94152
Q1882468;Ruskington;Ruskington;GB;53.0444;-0.3875
Q188281;Helmsdale;Helmsdale;GB;58.12;-3.66
Q188304;Sunderland;Sunderland;GB;54.904444444444444;-1.3811111111111112
Q188313;Blackburn;Blackburn;GB;53.7449;-2.4769
Q1883614;Maenan;Maenan;GB;53.182;-3.805
Q1887949;Lifton;Lifton;GB;50.6431;-4.2821
Q1891939;Sleaford;Sleaford;GB;52.996;-0.413
Q189288;Stratford-upon-Avon;Stratford-upon-Avon;GB;52.19277777777778;-1.7063888888888887
Q1893645;Lazonby;Lazonby;GB;54.750111111111;-2.7033305555556
Q1908426;Bearsden;Bearsden;GB;55.919238;-4.333202
Q1911414;Virginia Water;Virginia Water;GB;51.402222222222;-0.58888888888889
Q1913013;Luxulyan;Luxulyan;GB;50.39;-4.744
Q192240;Northampton;Northampton;GB;52.233333333333;-0.9
Q1924190;Crossways;Crossways;GB;50.695;-2.328
Q1925846;Doncaster;Doncaster;GB;53.5225;-1.1286111111111
Q1926477;Steeple Morden;Steeple Morden;GB;52.066;-0.125
Q1926981;Rochford;Rochford;GB;51.5821;0.7065
Q192896;Carlisle;Carlisle;GB;54.89472222222222;-2.9363888888888887
Q1939072;Lake;Lake;GB;50.649938888889;-1.1678138888889
Q1941870;Stainforth;Stainforth;GB;54.101969444444;-2.2746194444444
Q1943257;Huby;Huby;GB;54.082;-1.135
Q1947185;Mòrar;Mòrar;GB;56.9695;-5.82157
Q1950182;Elmswell;Elmswell;GB;52.237238888889;0.91131944444444
Q1951431;Maghull;Maghull;GB;53.5174;-2.9449
Q1953000;Menheniot;Menheniot;GB;50.44;-4.412
Q1957196;Aslockton;Aslockton;GB;52.952777777777776;-0.8969444444444445
Q1963910;Polegate;Polegate;GB;50.8216;0.2442
Q1967984;Banavie;Banavie;GB;56.846;-5.098
Q1968915;Cuffley;Cuffley;GB;51.7109;-0.1134
Q1972020;Purfleet;Purfleet-on-Thames;GB;51.48;0.25
Q1972764;Welwyn;Welwyn;GB;51.831;-0.215
Q1975526;Attleborough;Attleborough;GB;52.518261111111;1.0191611111111
Q1976179;Dukinfield;Dukinfield;GB;53.4739;-2.0828
Q1976655;Prescot;Prescot;GB;53.422;-2.814
Q19773;Borehamwood;Borehamwood;GB;51.6578;-0.2723
Q19775;Potters Bar;Potters Bar;GB;51.698;-0.183
Q19777;Abbots Langley;Abbots Langley;GB;51.701;-0.416
Q19785;Harpenden;Harpenden;GB;51.8175;-0.3524
Q19788;Hatfield;Hatfield;GB;51.76361111111111;-0.22583333333333336
Q19789;Welwyn Garden City;Welwyn Garden City;GB;51.8062;-0.1932
Q19790;Cheshunt;Cheshunt;GB;51.702;-0.035
Q19791;Broxbourne;Broxbourne;GB;51.7495;-0.0216
Q19792;Ware;Ware;GB;51.817;-0.0292
Q19795;Stevenage;Stevenage;GB;51.901666666666664;-0.20194444444444445
Q19797;Bishop’s Stortford;Bishop's Stortford;GB;51.872;0.1725
Q19798;Hitchin;Hitchin;GB;51.947;-0.283
Q19804;Royston;Royston;GB;52.0471;-0.0202
Q1986679;Chobham;Chobham;GB;51.3481;-0.6038
Q1990910;Metheringham;Metheringham;GB;53.1391;-0.4034
Q1992282;Carrbridge;Carrbridge;GB;57.282;-3.816
Q19923;Aldenham;Aldenham;GB;51.6723;-0.3546
Q1994597;Saltash;Saltash;GB;50.408;-4.212
Q1994936;Twyford;Twyford;GB;51.932;-1.035
Q1996192;Bere Ferrers;Bere Ferrers;GB;50.450969444444;-4.1762111111111
Q1996975;Caterham;Caterham;GB;51.2803;-0.0816
Q1997485;Littleport;Littleport;GB;52.4568;0.3046
Q2001391;Borough Green;Borough Green;GB;51.2913;0.3062
Q2003342;Neath;Neath;GB;51.66;-3.81
Q2007629;Scarisbrick;Scarisbrick;GB;53.6134;-2.9435
Q2008314;Armadale;Armadale;GB;58.5499;-4.0895
Q200942;Swindon;Swindon;GB;51.558333333333;-1.7811111111111
Q2009813;Northwich;Northwich;GB;53.259;-2.518
Q2010576;Penistone;Penistone;GB;53.525;-1.629
Q2011497;Wilmslow;Wilmslow;GB;53.325;-2.239
Q2011679;Winsford;Winsford;GB;53.194;-2.52
Q2011685;Croy;Croy;GB;55.9585;-4.04183
Q2014221;Aberdour;Aberdour;GB;56.0528;-3.3021
Q201812;Huddersfield;Huddersfield;GB;53.645;-1.7797222222222
Q201970;Shrewsbury;Shrewsbury;GB;52.708055555556;-2.7544444444444
Q2019908;Liskeard;Liskeard;GB;50.4536;-4.4651
Q2020203;Rhyl;Rhyl;GB;53.321230555556;-3.4801888888889
Q2020505;Elton;Elton;GB;53.276558333333;-2.8168222222222
Q2021055;Langwathby;Langwathby;GB;54.695938888889;-2.6700722222222
Q202174;Argyll and Bute;Argyll and Bute;GB;55.98333333;-5.45
Q202348;Ashington;Ashington;GB;55.181;-1.568
Q2024069;Hoylake;Hoylake;GB;53.39;-3.18
Q202628;Oldham;Oldham;GB;53.544722222222;-2.1183333333333
Q203000;Perth;Perth;GB;56.395833333333336;-3.4333333333333336
Q203349;Poole;Poole;GB;50.716666666667;-1.9833333333333
Q203387;Betws-y-coed;Betws-y-coed;GB;53.092;-3.792
Q2034290;Mortimer Common;Mortimer Common;GB;51.377;-1.063
Q203889;Luton;Luton;GB;51.87833333333333;-0.4147222222222222
Q203995;Southend-on-Sea;Southend-on-Sea;GB;51.53789;0.71377
Q2042618;Freshford;Freshford;GB;51.3418;-2.3093
Q204720;Hereford;Hereford;GB;52.056388888889;-2.7161111111111
Q2049615;Seascale;Seascale;GB;54.396388888888886;-3.479722222222222
Q205448;Kilmaurs;Kilmaurs;GB;55.6394;-4.53028
Q2054729;Norton-on-Derwent;Norton-on-Derwent;GB;54.132;-0.783
Q2058702;Brigg;Brigg;GB;53.5529;-0.485
Q2059003;Bourne End;Bourne End;GB;51.581736111111;-0.71338055555556
Q205905;Lancastre;Lancaster;GB;54.04888888888889;-2.801388888888889
Q20595246;Rhoslefain;Rhoslefain;GB;52.628497;-4.106837
Q20599218;Sunnymeads;Sunnymeads;GB;51.467777777778;-0.55972222222222
Q20601502;Tyn-y-groes;Tyn-y-groes;GB;53.2343;-3.83481509
Q20602262;Waun-Lwyd;Waun-Lwyd;GB;51.754409;-3.192481
Q2061067;Ilkeston;Ilkeston;GB;52.971111111111114;-1.3091666666666666
Q2064938;Old Kilpatrick;Old Kilpatrick;GB;55.925;-4.4593
Q2067089;Slaithwaite;Slaithwaite;GB;53.62;-1.88
Q2067964;Ripley;Ripley;GB;54.041;-1.568
Q206988;Cheltenham;Cheltenham;GB;51.896519444444;-2.0784277777778
Q20709709;Bebington;Bebington;GB;53.35;-3.003
Q2073045;Helsby;Helsby;GB;53.273;-2.773
Q207371;Lichfield;Lichfield;GB;52.6835;-1.82653
Q207639;Chichester;Chichester;GB;50.8365;-0.7792
Q207679;Perth-et-Kinross;Perth and Kinross;GB;56.41666667;-3.48333333
Q207736;St Andrews;St Andrews;GB;56.338888888889;-2.7988888888889
Q2078535;Chorley;Chorley;GB;53.653;-2.632
Q2080165;Hyde;Hyde;GB;53.4474;-2.082
Q2080375;Belper;Belper;GB;53.029;-1.475
Q208143;Wigan;Wigan;GB;53.544722222222;-2.6316666666667
Q208209;Penzance;Penzance;GB;50.12139;-5.53685
Q208257;Bedford;Bedford;GB;52.134444444444;-0.46305555555556
Q208262;Eastbourne;Eastbourne;GB;50.76638888888889;0.28611111111111115
Q208279;Highland;Highland;GB;57.5;-5.0
Q208296;Cromer;Cromer;GB;52.931;1.302
Q2086137;Uttoxeter;Uttoxeter;GB;52.898;-1.86
Q2086635;Wrabness;Wrabness;GB;51.9396;1.1673
Q2087380;Northfleet;Northfleet;GB;51.447588888889;0.32478333333333
Q20888015;Chinley, Buxworth and Brownside;Chinley, Buxworth and Brownside;GB;53.34425;-1.92775
Q209055;Torquay;Torquay;GB;50.4625;-3.5280555555556
Q209096;Burnley;Burnley;GB;53.788888888889;-2.2480555555556
Q209176;Ely;Ely;GB;52.398055555556;0.26222222222222
Q2092325;Pickering;Pickering;GB;54.2439;-0.776
Q2096670;Misterton;Misterton;GB;50.8708;-2.7764
Q2097530;Sowerby Bridge;Sowerby Bridge;GB;53.7;-1.91
Q2098000;Fearn (Écosse);Hill of Fearn;GB;57.7749;-3.9647
Q20986424;Birmingham;Birmingham;GB;52.48048;-1.89823
Q20986481;Worcester;Worcester;GB;52.19612;-2.20886
Q2103060;Castleton;Castleton;GB;53.344;-1.775
Q2104723;Commondale;Commondale;GB;54.4857;-0.9804
Q210891;Glastonbury;Glastonbury;GB;51.1475;-2.7175
Q210985;Chelmsford;Chelmsford;GB;51.7361;0.4798
Q2111981;Shipton-under-Wychwood;Shipton-under-Wychwood;GB;51.86;-1.596
Q2116317;Ribble Valley;Ribble Valley;GB;53.883333333333;-2.4
Q2117331;Rayleigh;Rayleigh;GB;51.5864;0.6049
Q211870;Paisley;Paisley;GB;55.845555555555556;-4.4238888888888885
Q211907;Slough;Slough;GB;51.509722222222;-0.59305555555556
Q2119187;Sutton in Ashfield;Sutton in Ashfield;GB;53.1233;-1.2669
Q211950;Dunfermline;Dunfermline;GB;56.071388888889;-3.4616666666667
Q212088;Cardross;Cardross;GB;55.9667;-4.63333
Q2121162;Hope;Hope;GB;53.347;-1.744
Q21241814;Yorkshire du Nord;North Yorkshire;GB;54.2;-1.3
Q2125254;Featherstone;Featherstone;GB;53.7;-1.37
Q212826;West Bromwich;West Bromwich;GB;52.516666666667;-1.9833333333333
Q213154;Aberystwyth;Aberystwyth;GB;52.414262;-4.081528
Q213180;Maidstone;Maidstone;GB;51.271666666667;0.52944444444444
Q213181;Darlington;Darlington;GB;54.522777777778;-1.5572222222222
Q2132464;Hednesford;Hednesford;GB;52.7115;-2.0006
Q2134613;Bucknell;Bucknell;GB;52.36;-2.95
Q213465;Guildford;Guildford;GB;51.2354;-0.5746
Q213474;Aylesbury;Aylesbury;GB;51.8168;-0.8124
Q2135238;East Tilbury;East Tilbury;GB;51.4657;0.4294
Q2135985;Southwick;Southwick;GB;51.296;-2.235
Q213832;Dudley;Dudley;GB;52.516666666667;-2.1
Q2141941;Eastrington;Eastrington;GB;53.759966666667;-0.79361944444444
Q2144078;Dullingham;Dullingham;GB;52.1952;0.3838
Q2147557;Pittentrail;Pittentrail;GB;57.9894;-4.15711
Q2148571;Soham;Soham;GB;52.333830555556;0.33606388888889
Q2151264;Roydon;Roydon;GB;51.773;0.0396
Q2152461;Paddock Wood;Paddock Wood;GB;51.1756;0.3955
Q21525592;Manchester;Manchester;GB;53.41667;-2.25
Q215733;Warrington;Warrington;GB;53.38732;-2.60288
Q215752;Hartlepool;Hartlepool;GB;54.683333333333;-1.2166666666667
Q215829;Harrogate;Harrogate;GB;53.991944444444;-1.5377777777778
Q2160232;Roche;Roche;GB;50.4;-4.83333
Q216045;Lockerbie;Lockerbie;GB;55.121944444444445;-3.355277777777778
Q2160639;North Ferriby;North Ferriby;GB;53.720027777778;-0.50780555555556
Q2160826;Cranbrook;Cranbrook;GB;51.096666666666664;0.5355555555555556
Q2161108;Bramhall;Bramhall;GB;53.35745;-2.1645416666667
Q216372;Gateshead;Gateshead;GB;54.95;-1.6
Q216638;Wakefield;Wakefield;GB;53.6825;-1.4975
Q216649;Basildon;Basildon;GB;51.5761;0.4886
Q21665571;Liverpool;Liverpool;GB;53.41667;-2.91667
Q2168916;Willington;Willington;GB;52.854;-1.565
Q21713103;Cambridge;Cambridge;GB;52.19714;0.12823
Q2174477;Shepreth;Shepreth;GB;52.1122;0.0325
Q2176949;Trimley St Mary;Trimley St Mary;GB;51.978;1.323
Q217831;Greenock;Greenock;GB;55.95;-4.7666666666667
Q217840;Carmarthenshire;Carmarthenshire;GB;51.856111111111;-4.3105555555556
Q2183778;Oakengates;Oakengates;GB;52.695;-2.451
Q21885994;Nottingham;Nottingham;GB;52.955;-1.1491666666667
Q2189348;Oxted;Oxted;GB;51.257380555556;-0.0065305555555556
Q2193158;Whitwell;Whitwell;GB;54.387780555556;-1.5661611111111
Q2193195;Achnasheen;Achnasheen;GB;57.579666;-5.073197
Q2194010;Sunbury-on-Thames;Sunbury-on-Thames;GB;51.425;-0.42
Q2194250;Penkridge;Penkridge;GB;52.7252;-2.1164
Q2197148;Balloch;Balloch;GB;57.495029;-4.115023
Q2198178;Halewood;Halewood;GB;53.3599;-2.84
Q2200856;Gilberdyke;Gilberdyke;GB;53.751955555556;-0.73606666666667
Q2201156;Meldreth;Meldreth;GB;52.1;0.0
Q2204179;Llandeilo;Llandeilo;GB;51.8841;-3.99918
Q2206041;Arisaig;Arisaig;GB;56.911;-5.84252
Q2207274;Barleythorpe;Barleythorpe;GB;52.68;-0.74
Q2208569;Thurgarton;Thurgarton;GB;53.04;-0.97
Q2210157;Weeley;Weeley;GB;51.85;1.1166666666667
Q2211727;Newington;Newington;GB;51.092;1.1144
Q2214089;Llanwrtyd Wells;Llanwrtyd Wells;GB;52.1054;-3.6411
Q2217594;Churchill;Churchill;GB;52.415297222222;-2.1731472222222
Q2220232;Hildenborough;Hildenborough;GB;51.214;0.242
Q2220778;Ashtead;Ashtead;GB;51.3101;-0.2986
Q2223506;Wigston Magna;Wigston Magna;GB;52.585666666667;-1.1065
Q2224167;Biggleswade;Biggleswade;GB;52.0855;-0.2557
Q2227457;Wigton;Wigton;GB;54.823;-3.159
Q2227727;Halling;Halling;GB;51.351419444444;0.44133055555556
Q2227805;Worstead;Worstead;GB;52.783091666667;1.4131166666667
Q2229694;Kirkby-in-Furness;Kirkby-in-Furness;GB;54.231;-3.187
Q2232624;Westerfield;Westerfield;GB;52.083;1.172
Q2233618;Llanrwst;Llanrwst;GB;53.1371;-3.79378
Q22338583;Cornouailles;Cornwall;GB;50.416669444444;-4.75
Q2235181;Kirkby;Kirkby;GB;54.446011111111;-1.1704888888889
Q2238306;Whittlesford;Whittlesford;GB;52.113380555556;0.15118888888889
Q2240072;Johnstone;Johnstone;GB;55.833333333333;-4.5
Q2243637;Maesteg;Maesteg;GB;51.61;-3.65
Q2248169;Dilton Marsh;Dilton Marsh;GB;51.249;-2.214
Q2250483;Gargrave;Gargrave;GB;53.984;-2.105
Q2253279;Burry Port;Burry Port;GB;51.69;-4.25
Q2256121;Hartlebury;Hartlebury;GB;52.333333333333;-2.2333333333333
Q2264759;Middleton;Middleton;GB;54.258469444444;-0.7999
Q2269865;Backwell;Backwell;GB;51.4131;-2.7398
Q2272941;Tywyn;Tywyn;GB;52.58694444444444;-4.0872222222222225
Q2273404;Pannal;Pannal;GB;53.960938888889;-1.5362305555556
Q2277250;Portslade;Portslade;GB;50.844;-0.216
Q2280322;Banstead;Banstead;GB;51.322;-0.204
Q2280939;Horley;Horley;GB;51.1736;-0.1721
Q2281068;Yeadon;Yeadon;GB;53.869;-1.688
Q2281091;Worksop;Worksop;GB;53.309722222222;-1.1227777777778
Q2281103;Kenilworth;Kenilworth;GB;52.341;-1.566
Q2281750;Darsham;Darsham;GB;52.274847222222;1.5423694444444
Q2282115;Gretna;Gretna;GB;54.994;-3.062
Q2285773;Capenhurst;Capenhurst;GB;53.258;-2.95
Q2287588;Rutherglen;Rutherglen;GB;55.828;-4.224
Q2287962;Cliffsend;Cliffsend;GB;51.328969444444;1.3659111111111
Q22889;Bath;Bath;GB;51.381388888888885;-2.359722222222222
Q22905;Bradford;Bradford;GB;53.794444444444444;-1.7519444444444443
Q2292266;Manea;Manea;GB;52.48;0.17
Q2297044;Ilford;Ilford;GB;51.5575;0.08583333333333334
Q2297559;Ebbw Vale;Ebbw Vale;GB;51.7779;-3.2117
Q2298016;Kirk Hammerton;Kirk Hammerton;GB;53.9946;-1.2903
Q2300574;Rishton;Rishton;GB;53.770111111111;-2.4187027777778
Q2301207;Invershin;Invershin;GB;57.9242;-4.40007
Q2303243;Shiplake;Shiplake;GB;51.503;-0.899
Q2304321;Dormansland;Dormansland;GB;51.1656;0.008
Q23051;Swansea;Swansea;GB;51.616666666667;-3.95
Q2305226;Wishaw;Wishaw;GB;55.774166666666666;-3.9183333333333334
Q23063;Disley;Disley;GB;53.357;-2.043
Q2307322;Overton;Overton;GB;53.994377777778;-1.1565666666667
Q2311675;Corwen;Corwen;GB;52.98;-3.379
Q2313618;Codsall;Codsall;GB;52.626711111111;-2.1923694444444
Q23154;Bristol;Bristol;GB;51.45361111111111;-2.5975
Q2315450;Ellingham;Ellingham;GB;52.478811111111;1.4748305555556
Q2316216;Chirk;Chirk;GB;52.930261111111;-3.05025
Q2319224;Goring-on-Thames;Goring-on-Thames;GB;51.523;-1.135
Q2321266;Sandbach;Sandbach;GB;53.146;-2.367
Q2321329;Poulton-le-Fylde;Poulton-le-Fylde;GB;53.847;-2.995
Q2321381;Needham Market;Needham Market;GB;52.1518;1.0561
Q2321706;Kingston upon Thames;Kingston upon Thames;GB;51.4103;-0.2995
Q2322168;Somerleyton;Somerleyton;GB;52.5178;1.6614
Q2330263;Rufford;Rufford;GB;53.633;-2.819
Q23309970;Askam in Furness;Askam in Furness;GB;54.18333;-3.21667
Q23311;Londres;London;GB;51.51555555555556;-0.09305555555555554
Q2332298;Saltburn-by-the-Sea;Saltburn-by-the-Sea;GB;54.5828;-0.9732
Q2334989;Watlington;Watlington;GB;51.645;-1.008
Q2335054;Whittlesey;Whittlesey;GB;52.556680555556;-0.13071944444444
Q2335129;Chorleywood;Chorleywood;GB;51.65;-0.51
Q2335721;Brandon;Brandon;GB;52.4474;0.6242
Q2338272;Bromborough;Bromborough;GB;53.336;-2.978
Q2338468;South Woodham Ferrers;South Woodham Ferrers;GB;51.651;0.6124
Q2338783;Kirton in Lindsey;Kirton in Lindsey;GB;53.4759;-0.5887
Q2339370;Pegswood;Pegswood;GB;55.1798;-1.6442
Q2339390;Rawcliffe;Rawcliffe;GB;53.980838888889;-1.1133888888889
Q2341564;Up Holland;Up Holland;GB;53.541;-2.728
Q234178;Bangor;Bangor;GB;53.228;-4.128
Q2342139;Guiseley;Guiseley;GB;53.875;-1.706
Q2342197;Eccles;Eccles;GB;53.4824;-2.339
Q2342234;Mytholmroyd;Mytholmroyd;GB;53.73;-1.981
Q2342439;Sawley;Sawley;GB;54.105088888889;-1.6219
Q2342447;Pleasington;Pleasington;GB;53.7338;-2.544
Q23436;Édimbourg;Edinburgh;GB;55.95333333333333;-3.1891666666666665
Q2345424;Shirebrook;Shirebrook;GB;53.2048;-1.2197
Q2345990;Seaham;Seaham;GB;54.84;-1.34
Q2347528;Llantwit Major;Llantwit Major;GB;51.4062;-3.47503
Q2347568;Stanstead St Margarets;Stanstead St Margarets;GB;51.79;0.0
Q2347600;South Benfleet;South Benfleet;GB;51.5455;0.5686
Q2351369;Great Bentley;Great Bentley;GB;51.8521;1.0648
Q2355142;Shotton;Shotton;GB;53.209;-3.042
Q2357393;Chelford;Chelford;GB;53.27;-2.279
Q2357929;Antingham;Antingham;GB;52.8525;1.3518805555556
Q2361606;Syston;Syston;GB;52.7;-1.08
Q2361780;Chapel-en-le-Frith;Chapel-en-le-Frith;GB;53.322;-1.917
Q2368943;Thorpe-le-Soken;Thorpe-le-Soken;GB;51.857;1.164
Q2369961;Springfield;Springfield;GB;51.747;0.509
Q237250;Thetford;Thetford;GB;52.41;0.74
Q237253;Great Yarmouth;Great Yarmouth;GB;52.60777777777778;1.7330555555555556
Q2374484;Colne;Colne;GB;53.8554;-2.1756
Q2375704;Great Shelford;Great Shelford;GB;52.150380555556;0.13575
Q2376078;Stevenston;Stevenston;GB;55.633333333333;-4.7666666666667
Q2376216;Clifton;Clifton;GB;51.46;-2.62
Q2377854;Crich;Crich;GB;53.084;-1.479
Q2379443;Swinton;Swinton;GB;54.149538888889;-0.83936111111111
Q238803;Maidenhead;Maidenhead;GB;51.516666666667;-0.71666666666667
Q2390066;Seer Green;Seer Green;GB;51.618;-0.605
Q2390371;Burscough;Burscough;GB;53.6001;-2.8446
Q2391907;Wetheral;Wetheral;GB;54.880833333333335;-2.833611111111111
Q239496;Sheringham;Sheringham;GB;52.933333333333;1.2166666666667
Q2398901;Hawarden;Hawarden;GB;53.182;-3.02
Q2405351;Parton;Parton;GB;54.569722222222225;-3.5791666666666666
Q2409970;Corpach;Corpach;GB;56.843;-5.123
Q2423015;Ardgay;Ardgay;GB;57.8811;-4.36288
Q2427568;Church;Church;GB;53.755288888889;-2.38665
Q24306292;Barton;Barton;GB;53.685;-0.441
Q24343260;Llanbradach and Pwllypant;Llanbradach and Pwllypant;GB;51.60965;-3.24035
Q2449644;Haslemere;Haslemere;GB;51.0899;-0.7117
Q2449737;Stone;Stone;GB;52.9;-2.15
Q2450421;Saxmundham;Saxmundham;GB;52.215;1.487
Q2450973;Lapford;Lapford;GB;50.866666666667;-3.8
Q2454022;Burnham-on-Crouch;Burnham-on-Crouch;GB;51.6284;0.8145
Q2454255;Stowmarket;Stowmarket;GB;52.19;1.0
Q2456978;Kirknewton;Kirknewton;GB;55.567;-2.14
Q2458749;Whimple;Whimple;GB;50.766538888889;-3.3568388888889
Q2462645;Leighton Buzzard;Leighton Buzzard;GB;51.9165;-0.6617
Q2462654;Yarm;Yarm;GB;54.505;-1.348
Q2462661;Alfreton;Alfreton;GB;53.1;-1.383333
Q2462685;Retford;Retford;GB;53.3169;-0.9408
Q2462696;Snodland;Snodland;GB;51.328;0.4467
Q2464851;Frodsham;Frodsham;GB;53.295;-2.725
Q24665473;Yatton;Yatton;GB;51.97326;-2.53491
Q24667609;Billingshurst;Billingshurst;GB;51.02129;-0.45977
Q246884;Lewes;Lewes;GB;50.874722222222225;0.011666666666666665
Q2469852;Mountain Ash;Mountain Ash;GB;51.6814;-3.37916
Q2469984;Gourock;Gourock;GB;55.95;-4.82
Q2471323;Horden;Horden;GB;54.7651;-1.3139
Q2472406;Ammanford;Ammanford;GB;51.8;-3.993
Q2479247;Adlington;Adlington;GB;53.319;-2.133
Q2484893;Hensall;Hensall;GB;53.7039;-1.1059
Q2487574;Atherington;Atherington;GB;50.99;-4.0091666666667
Q2490472;Lyminster and Crossbush;Lyminster and Crossbush;GB;50.84199;-0.5478
Q2491525;Brampton;Brampton;GB;54.9409;-2.7329
Q2495374;Selling;Selling;GB;51.2711;0.9218
Q2495560;Wendens Ambo;Wendens Ambo;GB;52.005;0.20388888888889
Q2499345;Dronfield;Dronfield;GB;53.3024;-1.4664
Q2499366;Dalston;Dalston;GB;51.545;-0.07
Q251903;Bicester;Bicester;GB;51.9;-1.15
Q2519746;Theale;Theale;GB;51.437;-1.077
Q2530172;Willaston;Willaston;GB;53.082;-2.479
Q2537605;Haddenham;Haddenham;GB;52.358;0.149
Q2548710;Hoveton;Hoveton;GB;52.713269444444;1.4096
Q2551138;Thornton;Thornton;GB;51.997;-0.918
Q2556975;Hemsworth;Hemsworth;GB;53.61;-1.35
Q2559795;Garforth;Garforth;GB;53.792;-1.388
Q2567716;Pencoed;Pencoed;GB;51.5228;-3.50474
Q2568532;Flitwick;Flitwick;GB;52.003838888889;-0.49656111111111
Q2568545;Princes Risborough;Princes Risborough;GB;51.723977777778;-0.83441944444444
Q2569076;March;March;GB;52.54;0.07
Q2569086;New Mills;New Mills;GB;53.367;-2.007
Q2569138;Leyland;Leyland;GB;53.69027777777778;-2.6991666666666667
Q2569184;Wendover;Wendover;GB;51.7675;-0.745
Q2569221;Formby;Formby;GB;53.5586;-3.0666
Q2569297;Shifnal;Shifnal;GB;52.665;-2.373
Q2569319;Fenny Stratford;Fenny Stratford;GB;51.998;-0.715
Q2570025;Chester-le-Street;Chester-le-Street;GB;54.8594;-1.5699
Q257034;Kemble;Kemble;GB;51.67667;-2.01806
Q2571140;Bloxwich;Bloxwich;GB;52.6158;-2.0162
Q2571235;Darlaston;Darlaston;GB;52.5708;-2.0457
Q2573389;Whickham;Whickham;GB;54.945580555556;-1.6726194444444
Q257446;Holyhead;Holyhead;GB;53.316666666667;-4.6333333333333
Q2574529;Stanford-le-Hope;Stanford-le-Hope;GB;51.514;0.4244
Q2575062;Baildon;Baildon;GB;53.851;-1.763
Q2575099;Audenshaw;Audenshaw;GB;53.4743;-2.1122
Q2575415;Shildon;Shildon;GB;54.63;-1.65
Q2576971;Rainham;Rainham;GB;51.359463888889;0.60794722222222
Q2580055;Kennett;Kennett;GB;52.2879;0.4843
Q2596952;Buxted;Buxted;GB;50.99;0.13
Q2597496;Cheadle Hulme;Cheadle Hulme;GB;53.3761;-2.1897
Q2598;Watford;Watford;GB;51.655277777777776;-0.3958333333333333
Q2598252;Barrhead;Barrhead;GB;55.800144;-4.391272
Q2600109;Yeoford;Yeoford;GB;50.7735;-3.7281
Q2609579;Ditton;Ditton;GB;51.29485;0.4519
Q2610915;Par;Par;GB;50.3505;-4.7111
Q2611576;Danby;Danby;GB;54.4677;-0.9097
Q26163;Sandwich;Sandwich;GB;51.274722222222;1.3388888888889
Q2618791;St Blazey;St Blazey;GB;50.3611;-4.7162
Q2619833;Garve;Garve;GB;57.6143;-4.68481
Q2621103;Saltwood;Saltwood;GB;51.0806;1.0776
Q26272025;Maldon;Maldon;GB;51.732;0.677
Q2627257;Kellington;Kellington;GB;53.7182;-1.166
Q2632344;Down St Mary;Down St Mary;GB;50.825;-3.7833333333333
Q26346809;Richings Park;Richings Park;GB;51.50051;-0.517491
Q2636096;Ancaster;Ancaster;GB;52.97;-0.54
Q2645701;Reedham;Reedham;GB;52.560180555556;1.5688888888889
Q2648766;Radcliffe on Trent;Radcliffe-on-Trent;GB;52.95;-1.04
Q2648868;Wressle;Wressle;GB;53.775680555556;-0.92443055555556
Q2652265;Little Bookham;Little Bookham;GB;51.280369444444;-0.38974166666667
Q2653611;Penmaenmawr;Penmaenmawr;GB;53.27;-3.928
Q2656344;Chittlehamholt;Chittlehamholt;GB;50.97444;-3.925085
Q265647;Trowbridge;Trowbridge;GB;51.32;-2.207
Q2664179;Bargoed;Bargoed;GB;51.6851018;-3.2296591
Q266515;Salhouse;Salhouse;GB;52.6708;1.3965694444444
Q2666702;Lathom;Lathom;GB;53.59;-2.82
Q2672173;Ovingham;Ovingham;GB;54.966;-1.865
Q26774476;High Bentham;High Bentham;GB;54.117777777777775;-2.51
Q2679683;Woldingham;Woldingham;GB;51.286688888889;-0.03825
Q2681239;Liss;Liss;GB;51.042777777778;-0.89194444444444
Q2682566;Clifton Hampden;Clifton Hampden;GB;51.667;-1.21
Q2685521;Starcross;Starcross;GB;50.6267;-3.4474
Q2687567;East Harling;East Harling;GB;52.440111111111;0.93076111111111
Q27;Irlande;Ireland;IE;53.0;-8.0
Q2708018;Ashley;Ashley;GB;52.22;0.47
Q2715192;Prestbury;Prestbury;GB;53.292841666667;-2.1451805555556
Q2720261;Ystradgynlais;Ystradgynlais;GB;51.781011111111;-3.7510694444444
Q2725983;Greenham;Greenham;GB;51.383333333333;-1.3
Q2729767;Eastergate;Eastergate;GB;50.841661111111;-0.65791944444444
Q2734822;Conisbrough;Conisbrough;GB;53.479;-1.227
Q2734845;Henley-in-Arden;Henley-in-Arden;GB;52.291;-1.778
Q2736813;Ingleby Greenhow;Ingleby Greenhow;GB;54.449311111111;-1.1045805555556
Q2737424;Mansfield Woodhouse;Mansfield Woodhouse;GB;53.16;-1.19
Q2738948;Goxhill;Goxhill;GB;53.677497222222;-0.33292777777778
Q2745384;Cononley;Cononley;GB;53.918;-2.018
Q2747261;Feniton;Feniton;GB;50.786611111111;-3.2825694444444
Q2748757;West Runton;West Runton;GB;52.9377;1.24405
Q2749481;Duffield;Duffield;GB;52.9891;-1.4889
Q2749964;Kintbury;Kintbury;GB;51.399;-1.449
Q2751552;Thurston;Thurston;GB;52.249938888889;0.8259
Q2752670;Penyffordd;Penyffordd;GB;53.149;-3.03
Q2756002;Port Sunlight;Port Sunlight;GB;53.355;-2.994
Q2762400;Broomfleet;Broomfleet;GB;53.734688888889;-0.66457222222222
Q276274;Wolverton;Wolverton;GB;52.0625;-0.8166666666666667
Q2771917;Abergele;Abergele;GB;53.28;-3.58
Q2777788;Laxton (Northamptonshire);Laxton;GB;52.5564;-0.5996
Q2779500;Nateby;Nateby;GB;54.455419444444;-2.3494
Q2779533;Parbold;Parbold;GB;53.5934;-2.7649
Q2793287;Staveley;Staveley;GB;54.059580555556;-1.44105
Q281749;Stroud;Stroud;GB;51.744166666667;-2.215
Q2836339;Moreton;Moreton;GB;50.7033;-2.2793
Q284348;Mexborough;Mexborough;GB;53.494166666666665;-1.2833333333333332
Q285323;Staines-upon-Thames;Staines-upon-Thames;GB;51.434;-0.511
Q285778;Datchet;Datchet;GB;51.4841;-0.5762
Q2867311;Chetnole;Chetnole;GB;50.869;-2.567
Q2871782;Newsham;Newsham;GB;54.485555555556;-1.8369444444444
Q287590;Launceston;Launceston;GB;50.635;-4.354
Q2880645;Balcombe;Balcombe;GB;51.0567;-0.1371
Q288082;Gainsborough;Gainsborough;GB;53.4016;-0.7732
Q2908915;Strumpshaw;Strumpshaw;GB;52.6171;1.4702
Q2920373;Craignure;Craignure;GB;56.46;-5.71
Q2926314;Brough;Brough;GB;54.525611111111;-2.31875
Q2926580;Brundall;Brundall;GB;52.624438888889;1.4337194444444
Q29303;Canterbury;Canterbury;GB;51.278333333333;1.0775
Q2967298;Lenzie;Lenzie;GB;55.923;-4.153
Q2972103;Hedge End;Hedge End;GB;50.9135;-1.3041
Q2983467;Collingham;Collingham;GB;53.147777777778;-0.75916666666667
Q2986492;Lympstone;Lympstone;GB;50.646;-3.4298
Q3001983;Cradley Heath;Cradley Heath;GB;52.473;-2.07908
Q301082;Wem;Wem;GB;52.8555;-2.725
Q3022297;Denby Dale;Denby Dale;GB;53.572;-1.655
Q3023805;Newton St Cyres;Newton St Cyres;GB;50.768;-3.592
Q3025422;Polesworth;Polesworth;GB;52.615161111111;-1.6174305555556
Q302872;Treorchy;Treorchy;GB;51.6594;-3.5055
Q302893;Dereham;Dereham;GB;52.682197222222;0.94044444444444
Q303559;Honeybourne;Honeybourne;GB;52.095;-1.831
Q3036324;Pangbourne;Pangbourne;GB;51.4839;-1.0869111111111
Q3041358;Dunlop;Dunlop;GB;55.7;-4.54
Q305076;Droylsden;Droylsden;GB;53.4828;-2.1582
Q3091189;Uddingston;Uddingston;GB;55.8183;-4.08275
Q311975;Boston;Boston;GB;52.9746;-0.0214
Q3133261;Meopham;Meopham;GB;51.364;0.36
Q3152568;Kirkburton;Kirkburton;GB;53.61;-1.703
Q3179174;Monifieth;Monifieth;GB;56.481;-2.82
Q3190049;Chandler's Ford;Chandler's Ford;GB;50.984;-1.3792
Q319369;Aberdare;Aberdare;GB;51.713055555556;-3.445
Q319536;Aberdyfi;Aberdyfi;GB;52.544380555556;-4.0444
Q319538;Abererch;Abererch;GB;52.902;-4.386
Q321381;Abingdon-on-Thames;Abingdon-on-Thames;GB;51.67166666666667;-1.2783333333333333
Q322;Llanfairpwllgwyngyll;Llanfairpwllgwyngyll;GB;53.223333;-4.199444
Q3250464;Tyndrum;Tyndrum;GB;56.4352;-4.71009
Q32515;Richmond upon Thames;Richmond upon Thames;GB;51.447777777778;-0.32416666666667
Q327168;North Walsham;North Walsham;GB;52.82138888888889;1.386111111111111
Q32859397;Sole Street;Sole Street;GB;51.385111111111;0.381
Q3296578;Attenborough;Attenborough;GB;52.905;-1.23
Q3356676;Lawford;Lawford;GB;51.94;1.045
Q3372854;Addiewell;Addiewell;GB;55.847193;-3.609138
Q3395330;Cilmeri;Cilmeri;GB;52.1506;-3.45706
Q3395358;Kidwelly;Kidwelly;GB;51.736;-4.307
Q339608;Newton Aycliffe;Newton Aycliffe;GB;54.62;-1.58
Q3396741;Skewen;Skewen;GB;51.65817;-3.84674
Q3397684;Pontarddulais;Pontarddulais;GB;51.71;-4.04
Q3398810;Tal-y-bont;Tal-y-bont;GB;52.4803;-3.97943
Q3398853;Trawsfynydd;Trawsfynydd;GB;52.902238888889;-3.9238194444444
Q3399272;Pen-y-groes;Pen-y-groes;GB;53.053;-4.283
Q3400823;Pyle;Pyle;GB;51.528888888888886;-3.6933333333333334
Q3400948;Valley;Valley;GB;53.284;-4.56203
Q3401108;Hengoed;Hengoed;GB;51.65;-3.23
Q3401116;Rhymney;Rhymney;GB;51.759;-3.283
Q3401123;Llandudno Junction;Llandudno Junction;GB;53.28;-3.8
Q3401149;Newbridge;Newbridge;GB;51.67;-3.136
Q3401198;Gowerton;Gowerton;GB;51.6496;-4.0322
Q3401549;Llangadog;Llangadog;GB;51.94;-3.88528
Q3401604;Bow Street;Bow Street;GB;52.4419;-4.02861
Q3402179;Llanfair;Llanfair;GB;52.8399;-4.1133
Q3402241;Manorbier;Manorbier;GB;51.6444;-4.79806
Q3402398;New Tredegar;New Tredegar;GB;51.718333333333;-3.2369444444444
Q3402491;Soar;Soar;GB;52.898;-4.057
Q3402580;Fairbourne;Fairbourne;GB;52.696888888889;-4.0524111111111
Q3403308;Dinas Powys;Dinas Powys;GB;51.43486;-3.21398
Q3404556;Pontyclun;Pontyclun;GB;51.5216;-3.39126
Q3404663;Abercynon;Abercynon;GB;51.6445;-3.32666
Q3404696;Tondu;Tondu;GB;51.5467;-3.5978305555556
Q3405190;Saundersfoot;Saundersfoot;GB;51.711388888889;-4.7
Q3405649;Chwilog;Chwilog;GB;52.919722222222;-4.3302777777778
Q341938;Acle;Acle;GB;52.638;1.555
Q34217;Oxford;Oxford;GB;51.751944444444;-1.2577777777778
Q3448389;Morton;Morton;GB;53.137;-1.392
Q3457852;Binsted;Binsted;GB;51.16405;-0.89866111111111
Q34779;Dumbarton;Dumbarton;GB;55.948611111111;-4.5472222222222
Q3495335;St Leonards;St Leonards;GB;50.855555555555554;0.5525
Q3497842;Great Wyrley;Great Wyrley;GB;52.6593;-2.0102
Q3532;Hemel Hempstead;Hemel Hempstead;GB;51.753333;-0.448611
Q353307;Addlestone;Addlestone;GB;51.3695;-0.4901
Q3542966;Copplestone;Copplestone;GB;50.80872;-3.74142
Q3570246;Wythenshawe;Wythenshawe;GB;53.3923;-2.264
Q36405;Aberdeen;Aberdeen;GB;57.15;-2.1
Q3640796;Blackford;Blackford;GB;55.9264;-3.18637
Q368740;Millom;Millom;GB;54.209638888889;-3.2701888888889
Q3695060;Coseley;Coseley;GB;52.55;-2.083
Q370814;West Devon;West Devon;GB;50.633333333333;-4.1
Q3714394;Dorridge;Dorridge;GB;52.372;-1.75541
Q374458;Stretford;Stretford;GB;53.446666666667;-2.3086111111111
Q375314;Folkestone;Folkestone;GB;51.079166666666666;1.1794444444444445
Q376329;Rosyth;Rosyth;GB;56.03388;-3.43226
Q37718;Musselburgh;Musselburgh;GB;55.941944444444445;-3.0541666666666667
Q3776624;Glengarnock;Glengarnock;GB;55.739;-4.677
Q377720;Barking;Barking;GB;51.54;0.08
Q3777370;Strathcarron;Strathcarron;GB;57.4238;-5.42754
Q3784226;Tedstone Delamere;Tedstone Delamere;GB;52.225;-2.449
Q3785707;Hindley;Hindley;GB;53.5355;-2.5658
Q3811353;Aston on Clun;Aston on Clun;GB;52.4301;-2.8947
Q3811448;Clungunford;Clungunford;GB;52.403;-2.887
Q3814209;Kearsley;Kearsley;GB;53.53;-2.37
Q3835082;Littleborough;Littleborough;GB;53.644;-2.098
Q3835992;Lochgelly;Lochgelly;GB;56.1282;-3.31109
Q383912;Glossop;Glossop;GB;53.4435;-1.9489
Q3849623;Markinch;Markinch;GB;56.2026;-3.13504
Q386087;Catterick Garrison;Catterick Garrison;GB;54.3774;-1.722
Q386419;Knebworth;Knebworth;GB;51.866;-0.184
Q387419;Wareham;Wareham;GB;50.685;-2.108
Q3875229;New Ferry;New Ferry;GB;53.36;-2.997
Q3876531;Yorton;Yorton;GB;52.8;-2.73333
Q3896128;Parkeston;Parkeston;GB;51.9407;1.2531
Q3899034;Pendlebury;Pendlebury;GB;53.5075;-2.3154
Q39121;Leeds;Leeds;GB;53.7975;-1.5436111111111113
Q3915288;Little Chalfont;Little Chalfont;GB;51.667;-0.56
Q391948;Millport;Millport;GB;55.753721;-4.928076
Q3930610;Rawmarsh;Rawmarsh;GB;53.4636;-1.3439
Q397343;Solihull;Solihull;GB;52.413;-1.772
Q3997466;Plockton;Plockton;GB;57.338;-5.65231
Q4006479;Urmston;Urmston;GB;53.4487;-2.3747
Q4017677;Wainfleet All Saints;Wainfleet All Saints;GB;53.1079;0.2373
Q4017800;Walkden;Walkden;GB;53.5239;-2.3991
Q4025825;Capel;Capel;GB;51.1763;0.3376
Q407193;Kintore;Kintore;GB;57.236;-2.34621
Q408536;Airdrie;Airdrie;GB;55.866;-3.98
Q4087058;Birnam;Birnam;GB;56.5573;-3.57646
Q4093;Glasgow;Glasgow;GB;55.861111111111114;-4.25
Q4093370;Bonhill;Bonhill;GB;55.982801;-4.570452
Q41159552;Bittaford;Bittaford;GB;50.3975;-3.8778888888889
Q4131;Hamilton;Hamilton;GB;55.777;-4.039
Q420303;Montrose;Montrose;GB;56.708;-2.467
Q42448;Sheffield;Sheffield;GB;53.380833333333335;-1.4702777777777778
Q42462;York;York;GB;53.95;-1.0833333333333
Q425611;Duns;Duns;GB;55.7784;-2.3426
Q42617191;Île-d'Anglesey;Isle of Anglesey;GB;53.25;-4.33333
Q427792;Penarth;Penarth;GB;51.435833333333335;-3.175
Q428829;Caernarfon;Caernarfon;GB;53.14;-4.27
Q4314637;New Holland;New Holland;GB;53.7;-0.36
Q431994;Foxfield;Foxfield;GB;54.2667;-3.21667
Q4323896;Ascott-under-Wychwood;Ascott-under-Wychwood;GB;51.872;-1.565
Q43382;Plymouth;Plymouth;GB;50.37138888888889;-4.142222222222222
Q43475;Derby;Derby;GB;52.92166666666667;-1.4766666666666666
Q4355527;Woolley;Woolley;GB;53.614283333333;-1.5162722222222
Q4379775;Bottesford;Bottesford;GB;53.55206;-0.67143
Q4383991;Bulwell;Bulwell;GB;53.0005;-1.19723
Q4412125;Church Fenton;Church Fenton;GB;53.825102777778;-1.2210222222222
Q443840;Alton;Alton;GB;51.1498;-0.9769
Q445058;Altrincham;Altrincham;GB;53.383372222222;-2.3556694444444
Q45117536;Hipsburn;Hipsburn;GB;55.392583333333;-1.6313611111111
Q460735;West End;West End;GB;51.513333333333;-0.12861111111111
Q4640202;Lostock Gralam;Lostock Gralam;GB;53.2667;-2.4667
Q464955;Windsor;Windsor;GB;51.483333333333;-0.6
Q4667133;Abermorddu;Abermorddu;GB;53.1042;-3.03389
Q4677666;Acton Bridge;Acton Bridge;GB;53.2833;-2.61667
Q470188;Amersham;Amersham;GB;51.666666666667;-0.63333333333333
Q4713704;Aldermaston Wharf;Aldermaston Wharf;GB;51.4;-1.136
Q4731115;Allanton;Allanton;GB;55.7816;-2.21538
Q4736674;Althorpe;Althorpe;GB;53.5775;-0.7407
Q474605;Rochdale;Rochdale;GB;53.6136;-2.161
Q478029;Falmouth;Falmouth;GB;50.15;-5.0666666666667
Q478532;Ingatestone and Fryerning;Ingatestone and Fryerning;GB;51.676388888889;0.36472222222222
Q4792901;Armathwaite;Armathwaite;GB;54.807;-2.771
Q4793625;Armitage Bridge;Armitage Bridge;GB;53.6185;-1.7968
Q47952;Salford;Salford;GB;53.482777777778;-2.2930555555556
Q4807182;Askett;Askett;GB;51.74;-0.821
Q4831050;Aycliffe Village;Aycliffe Village;GB;54.5972;-1.5648
Q4842133;Bagshot;Bagshot;GB;51.3607;-0.6982
Q4843871;Fairford Leys;Fairford Leys;GB;51.8152;-0.8379
Q4860564;Bargeddie;Bargeddie;GB;55.8526;-4.07659
Q4863470;Barrhill;Barrhill;GB;55.1032;-4.77013
Q4874515;Bayford;Bayford;GB;51.7583;-0.102778
Q4878675;Beckermet;Beckermet;GB;54.446;-3.516
Q488142;Breckland;Breckland;GB;52.633333333333;0.98333333333333
Q4911980;Billington and Langho;Billington and Langho;GB;53.81;-2.43
Q4918118;Bishopton;Bishopton;GB;54.5853;-1.43722
Q4918477;Bissoe;Bissoe;GB;50.2305;-5.1199
Q4923512;Blackwater;Blackwater;GB;50.2699;-5.1799
Q4924567;Blakedown;Blakedown;GB;52.4036;-2.17856
Q4925757;Bleasby;Bleasby;GB;53.039880555556;-0.9367
Q4925858;Bledlow Ridge;Bledlow Ridge;GB;51.67;-0.846
Q492805;Andover;Andover;GB;51.2167;-1.4667
Q4936589;Bodieve;Bodieve;GB;50.5257;-4.8328
Q4946691;Borstal;Borstal;GB;51.374097222222;0.48630277777778
Q4960409;Breich;Breich;GB;55.8299;-3.65523
Q496368;Wrexham;Wrexham;GB;53.04666666666667;-2.993611111111111
Q4972048;Broadbottom;Broadbottom;GB;53.44;-2.03
Q4972804;Brockholes;Brockholes;GB;53.597;-1.7698
Q4986208;Bugle;Bugle;GB;50.396;-4.793
Q49940;Newark-on-Trent;Newark-on-Trent;GB;53.0765;-0.81
Q499886;Taynuilt;Taynuilt;GB;56.433055555556;-5.2325
Q4999653;Burneside;Burneside;GB;54.3556;-2.7628
Q5001296;Busby;Busby;GB;55.77992;-4.26227
Q503331;Dorchester;Dorchester;GB;50.710833333333;-2.4397222222222
Q5039238;Carfin;Carfin;GB;55.8009;-3.96483
Q504678;Berwick-upon-Tweed;Berwick-upon-Tweed;GB;55.76916666666666;-2.0025
Q5049410;Cholsey;Cholsey;GB;51.574;-1.151
Q5051911;Caterham-on-the-Hill;Caterham-on-the-Hill;GB;51.284;-0.086
Q5054049;Cattal;Cattal;GB;53.9844;-1.32131
Q5057245;Cefn-y-bedd;Cefn-y-bedd;GB;53.0994;-3.03196
Q50607256;Carstairs Junction;Carstairs Junction;GB;55.68861111111111;-3.664722222222222
Q5073132;Chapelhall;Chapelhall;GB;55.845;-3.9472
Q507517;Rochester;Rochester;GB;51.38764;0.50546
Q508998;Marlow;Marlow;GB;51.566666666667;-0.76666666666667
Q5101746;Chipstead;Chipstead;GB;51.3147;-0.1626
Q5116605;Church Hanborough;Church Hanborough;GB;51.8;-1.383
Q5137116;Clynderwen;Clynderwen;GB;51.8455;-4.71181
Q515476;Uig;Uig;GB;57.58;-6.36
Q516131;Skipton;Skipton;GB;53.962;-2.017
Q5161721;Connel;Connel;GB;56.4544;-5.386
Q516605;Sandown;Sandown;GB;50.6551;-1.1541
Q5173891;Cosford (Warwickshire);Cosford;GB;52.408;-1.265
Q5175043;Ulleskelf;Ulleskelf;GB;53.854880555556;-1.2126694444444
Q5184679;Creswell;Creswell;GB;53.264;-1.212
Q5187471;Croft;Croft;GB;53.1296;0.254115
Q5188019;Crosby;Crosby;GB;54.313;-1.372
Q5188616;Crossgates;Crossgates;GB;52.2748;-3.33732
Q5189246;Crowhurst;Crowhurst;GB;50.89;0.5
Q519215;Johnston;Johnston;GB;51.754;-4.9976
Q5197228;Cwmbach;Cwmbach;GB;51.7072;-3.41278
Q5197244;Cwmfelin;Cwmfelin;GB;51.595558333333;-3.6540361111111
Q5199946;Cynghordy;Cynghordy;GB;52.05;-3.75
Q5211609;Dalry;Dalry;GB;55.9436;-3.21959
Q523025;Brierfield;Brierfield;GB;53.821;-2.229
Q523335;Beauly;Beauly;GB;57.4847;-4.46204
Q525508;Dewsbury;Dewsbury;GB;53.683333333333;-1.6333333333333
Q526576;Thurso;Thurso;GB;58.596111111111;-3.5211111111111
Q527391;Bridlington;Bridlington;GB;54.088;-0.2004
Q527467;Colwyn Bay;Colwyn Bay;GB;53.29;-3.7
Q5277964;Dinas Cross;Dinas Cross;GB;52.0109;-4.90978
Q527846;Selby;Selby;GB;53.781789;-1.070309
Q5282164;Diseworth;Diseworth;GB;52.8153;-1.33377
Q5305665;Drakewalls;Drakewalls;GB;50.515;-4.225
Q5306907;Drem;Drem;GB;56.0059;-2.78735
Q5307512;Drigg;Drigg;GB;54.37888888888889;-3.441388888888889
Q531311;Teignmouth;Teignmouth;GB;50.5491;-3.4948
Q5325447;Ealand;Ealand;GB;53.5924;-0.818965
Q535902;Knaresborough;Knaresborough;GB;54.0084;-1.467
Q537323;Loughborough;Loughborough;GB;52.7705;-1.2046
Q5376100;Wateringbury;Wateringbury;GB;51.255461111111;0.42316111111111
Q537692;Filton;Filton;GB;51.5293;-2.5692
Q5385175;Erbusaig;Erbusaig;GB;57.3001;-5.71451
Q540012;Lydney;Lydney;GB;51.7286;-2.5285
Q540333;Dorking;Dorking;GB;51.2325;-0.33055555555555555
Q541590;Leigh-on-Sea;Leigh-on-Sea;GB;51.55;0.65
Q5430546;Fairlie;Fairlie;GB;55.7604;-4.8541
Q5436438;Farsley;Farsley;GB;53.8116;-1.6718
Q54377031;Wexford;Wexford;IE;52.254575;-6.333994
Q5445092;Fernhill;Fernhill;GB;51.6908;-3.41055
Q5445551;Ferryside;Ferryside;GB;51.766666666667;-4.3666666666667
Q5446198;Ffairfach;Ffairfach;GB;51.871567;-3.994301
Q544939;Enfield;Enfield;GB;51.65222222222222;-0.08083333333333333
Q54554266;East Suffolk;East Suffolk;GB;52.2;1.5
Q546163;Aldbury;Aldbury;GB;51.8;-0.6
Q546485;Castleford;Castleford;GB;53.716;-1.356
Q546635;Royal Leamington Spa;Leamington Spa;GB;52.29194444444445;-1.5358333333333332
Q5467600;Ford;Ford;GB;51.777;-0.872
Q5470588;Forsbrook;Forsbrook;GB;52.970838888889;-2.05505
Q547071;Farnborough;Farnborough;GB;51.29;-0.75
Q548588;Cheddington;Cheddington;GB;51.847;-0.664
Q549761;Warwick;Warwick;GB;52.28;-1.59
Q550110;Yeovil;Yeovil;GB;50.9452;-2.637
Q550424;Leominster;Leominster;GB;52.233333333333;-2.7333333333333
Q5524325;Garth;Garth;GB;52.1342;-3.53459
Q5530463;Gelli;Gelli;GB;51.6434;-3.47874
Q5561755;Gilfach;Gilfach;GB;51.678888888889;-3.2327777777778
Q5566495;Glaisdale;Glaisdale;GB;54.4385;-0.8058
Q5567344;Glazebrook;Glazebrook;GB;53.4292;-2.46146
Q558878;Tenby;Tenby;GB;51.671388888889;-4.6994444444444
Q5597671;Grateley;Grateley;GB;51.1755;-1.60451
Q5610458;Grosmont;Grosmont;GB;54.435919444444;-0.72453333333333
Q5611425;Grove Park;Grove Park;GB;51.4313;0.021
Q5636970;Habrough;Habrough;GB;53.6079;-0.264914
Q564495;Annan (Écosse);Annan;GB;54.983;-3.266
Q5646278;Hampton Poyle;Hampton Poyle;GB;51.836;-1.272
Q5690269;Healing;Healing;GB;53.5739;-0.164021
Q576562;Kilmarnock;Kilmarnock;GB;55.611666666667;-4.4944444444444
Q576938;Telford;Telford;GB;52.679166666667;-2.4475
Q578024;Carnforth;Carnforth;GB;54.123;-2.766
Q578185;Prees;Prees;GB;52.897;-2.666
Q582452;Alness;Alness;GB;57.695;-4.258
Q585963;Evesham;Evesham;GB;52.09;-1.95
Q586895;Sherborne;Sherborne;GB;50.9491;-2.5183
Q587765;Cleethorpes;Cleethorpes;GB;53.5533;-0.02155
Q588146;Shanklin;Shanklin;GB;50.631;-1.1734
Q5884719;Holton Heath;Holton Heath;GB;50.717;-2.074
Q593890;Shoeburyness;Shoeburyness;GB;51.5316;0.7978
Q596268;Netherfield;Netherfield;GB;52.96361111111111;-1.0780555555555555
Q596798;Tarbet;Tarbet;GB;56.203;-4.717
Q598948;Wargrave;Wargrave;GB;51.499;-0.867
Q600342;Hellifield;Hellifield;GB;54.0045;-2.2215
Q6021308;Indian Queens;Indian Queens;GB;50.3924;-4.9317
Q602355;Barnetby le Wold;Barnetby le Wold;GB;53.5779;-0.4071
Q603616;Maybole;Maybole;GB;55.3545;-4.68149
Q605450;Milton;Milton;GB;52.243469444444;0.16146944444444
Q607312;Flixton;Flixton;GB;52.431;1.398
Q609161;Abergavenny;Abergavenny;GB;51.833055555556;-3.0172222222222
Q610238;Gillingham;Gillingham;GB;51.3792;0.5498
Q611046;Driffield;Driffield;GB;54.005;-0.438
Q612117;Kidsgrove;Kidsgrove;GB;53.0874;-2.2478
Q613226;Aughton;Aughton;GB;53.542;-2.912
Q613847;Mossley;Mossley;GB;53.5147;-2.0387
Q614314;Dunblane;Dunblane;GB;56.18833333333333;-3.964166666666667
Q617188;Hunstanton;Hunstanton;GB;52.93;0.48
Q617799;Willenhall;Willenhall;GB;52.5798;-2.06046
Q618045;Margate;Margate;GB;51.385;1.3838
Q621540;Appleby-in-Westmorland;Appleby-in-Westmorland;GB;54.577;-2.485
Q6225;Coventry;Coventry;GB;52.416666666667;-1.5166666666667
Q6226;St Albans;St Albans;GB;51.755;-0.336
Q623323;Malvern;Malvern;GB;52.108;-2.325
Q623687;Falkirk;Falkirk;GB;55.99944444444444;-3.7847222222222223
Q623765;Rugby;Rugby;GB;52.37;-1.26
Q630668;Arbroath;Arbroath;GB;56.561386111111;-2.5857055555556
Q632993;Melrose;Melrose;GB;55.583333333333;-2.7166666666667
Q633627;West Kirby;West Kirby;GB;53.373;-3.184
Q634054;Conwy;Conwy;GB;53.28;-3.83
Q635169;Caersws;Caersws;GB;52.5215;-3.42243
Q635838;Betchworth;Betchworth;GB;51.2335;-0.2665
Q636627;Whitchurch;Whitchurch;GB;52.969;-2.6827
Q637482;Esher;Esher;GB;51.3691;-0.365
Q6387177;Kemsley;Kemsley;GB;51.36;0.74
Q6389759;Kennessee Green;Kennessee Green;GB;53.5065;-2.93121
Q6395231;Kestle;Kestle;GB;50.394017;-5.0193939
Q639675;Pewsey;Pewsey;GB;51.343;-1.764
Q640073;Ardrossan;Ardrossan;GB;55.6432;-4.8097
Q6406698;Kildale;Kildale;GB;54.4789;-1.03193
Q6406783;Kildonan;Kildonan;GB;55.4419;-5.1109
Q640981;Maryport;Maryport;GB;54.7128;-3.4926
Q6410426;Kinbrace;Kinbrace;GB;58.2601;-3.94085
Q6411116;Kings Sutton;Kings Sutton;GB;52.023;-1.276
Q64116;High Wycombe;High Wycombe;GB;51.621666666667;-0.75166666666667
Q641274;Thirsk;Thirsk;GB;54.232730555556;-1.34205
Q6414911;Kirby Cross;Kirby Cross;GB;51.841;1.219
Q6415680;Kirkheaton;Kirkheaton;GB;55.092;-1.978
Q641921;Watchet;Watchet;GB;51.1795;-3.3242
Q6423716;Knucklas;Knucklas;GB;52.361;-3.1
Q642500;Welham Green;Welham Green;GB;51.7347;-0.21732
Q643160;Farnham;Farnham;GB;51.214;-0.799
Q643716;Thorne;Thorne;GB;53.6083;-0.9583
Q646225;Woking;Woking;GB;51.316111111111;-0.56111111111111
Q646980;Aldershot;Aldershot;GB;51.248333333333335;-0.7613888888888888
Q647123;Honiton;Honiton;GB;50.8;-3.19
Q648432;Tilbury;Tilbury;GB;51.4606;0.3582
Q6486251;Langley Green;Langley Green;GB;51.1317;-0.1911
Q6486274;Langley Mill;Langley Mill;GB;53.018;-1.339
Q648810;Crewe;Crewe;GB;53.099;-2.44
Q6497774;Bridgend;Bridgend;GB;51.5072;-3.5784
Q6509370;Lealholm;Lealholm;GB;54.4589;-0.825069
Q651733;Llandovery;Llandovery;GB;51.995;-3.795
Q652035;Dumfries;Dumfries;GB;55.066666666667;-3.6166666666667
Q652078;Thornaby-on-Tees;Thornaby-on-Tees;GB;54.5556;-1.3049
Q652597;Whaley Bridge;Whaley Bridge;GB;53.3304;-1.9838
Q653438;Invergowrie;Invergowrie;GB;56.4603;-3.06124
Q653906;Althorne;Althorne;GB;51.6546;0.7634
Q654216;Ayr;Ayr;GB;55.463888888889;-4.6277777777778
Q654226;East Kilbride;East Kilbride;GB;55.76667;-4.18333
Q6556312;Liphook;Liphook;GB;51.0764;-0.8031
Q655874;Newbury;Newbury;GB;51.4009;-1.3235
Q659062;Bebside;Bebside;GB;55.1236;-1.57973
Q659588;Ladybank;Ladybank;GB;56.2744;-3.122
Q659803;Ashton-under-Lyne;Ashton-under-Lyne;GB;53.48722222222222;-2.0975
Q66004881;Lytham;Lytham;GB;53.7368257;-2.9631857
Q660484;Newton Abbot;Newton Abbot;GB;50.5403;-3.6087
Q661619;Weymouth;Weymouth;GB;50.609722222222224;-2.4547222222222222
Q661707;Stourbridge;Stourbridge;GB;52.458;-2.148
Q662167;Flookburgh;Flookburgh;GB;54.174;-2.972
Q662238;Mid Devon;Mid Devon;GB;50.9;-3.49
Q6647845;Litherland;Litherland;GB;53.4727;-2.999
Q6649241;Little Bowden;Little Bowden;GB;52.475;-0.911
Q6649692;Little Crosby;Little Crosby;GB;53.5058;-3.0239
Q665034;Medlar-with-Wesham;Medlar-with-Wesham;GB;53.7902;-2.8857
Q665330;Ledbury;Ledbury;GB;52.0339;-2.4235
Q665489;Royal Tunbridge Wells;Royal Tunbridge Wells;GB;51.132;0.263
Q6661063;Llanaber;Llanaber;GB;52.74;-4.075
Q6661267;Llandybie;Llandybie;GB;51.82;-4.001
Q6661405;Llangadwaladr;Llangadwaladr;GB;53.1956;-4.4219
Q6661425;Llangammarch Wells;Llangammarch Wells;GB;52.1137;-3.55816
Q6661564;Llangunllo;Llangunllo;GB;52.3346;-3.1585
Q6661603;Llanhilleth;Llanhilleth;GB;51.6973;-3.13595
Q6661893;Llanwrda;Llanwrda;GB;51.968;-3.874
Q6662914;Llwyngwril;Llwyngwril;GB;52.666;-4.084
Q6662915;Llwynypia;Llwynypia;GB;51.6351;-3.44856
Q6665057;Lochailort;Lochailort;GB;56.8741;-5.65564
Q6672591;Long Hanborough;Long Hanborough;GB;51.822;-1.393
Q667364;Hathersage;Hathersage;GB;53.33;-1.658
Q668262;Tavistock;Tavistock;GB;50.55003;-4.14424
Q669171;Newtown;Newtown;GB;52.5132;-3.3141
Q6693101;Lowdham;Lowdham;GB;53.013;-1.008
Q6693802;Lower Sheering;Lower Sheering;GB;51.809;0.161
Q669805;Stonehouse;Stonehouse;GB;51.74785;-2.2838611111111
Q671348;Worthing;Worthing;GB;50.814711111111;-0.37138611111111
Q671892;Barrow-in-Furness;Barrow-in-Furness;GB;54.11083333333333;-3.2263888888888888
Q672545;Barmouth;Barmouth;GB;52.722;-4.055
Q672948;Leven;Leven;GB;56.195;-2.99417
Q674669;Heswall;Heswall;GB;53.328;-3.099
Q675460;Machynlleth;Machynlleth;GB;52.591;-3.849
Q675592;Acklington;Acklington;GB;55.311;-1.64
Q676067;Braintree;Braintree;GB;51.8781;0.5495
Q676689;Gravesend;Gravesend;GB;51.441666666667;0.36861111111111
Q6772452;Marple;Marple;GB;53.3974;-2.0617
Q680984;Bellshill;Bellshill;GB;55.820555555556;-4.0283333333333
Q681806;Snaith;Snaith;GB;53.691222222222;-1.0282
Q6820621;Merstham;Merstham;GB;51.264;-0.1525
Q6820697;Merthyr Vale;Merthyr Vale;GB;51.6911;-3.3396
Q6842040;Middleton One Row;Middleton One Row;GB;54.505;-1.46
Q685640;Huntingdon;Huntingdon;GB;52.3364;-0.1717
Q6861276;Milton Keynes urban area;Milton Keynes urban area;GB;52.047;-0.744
Q686319;Westhoughton;Westhoughton;GB;53.548;-2.529
Q6864597;Minffordd;Minffordd;GB;52.926666666667;-4.0811111111111
Q686675;Waterbeach;Waterbeach;GB;52.266419444444;0.19083888888889
Q6886651;Mobberley;Mobberley;GB;53.313333333333;-2.3263888888889
Q691588;Drewsteignton;Drewsteignton;GB;50.703;-3.789
Q691685;Kirkcaldy;Kirkcaldy;GB;56.110730555556;-3.1673694444444
Q691761;Keynsham;Keynsham;GB;51.4135;-2.4968
Q697494;Arnside;Arnside;GB;54.199;-2.832
Q6999681;Nethertown;Nethertown;GB;54.453;-3.559
Q7011958;New Stevenston;New Stevenston;GB;55.8133;-3.97783
Q7019849;Newstead;Newstead;GB;53.07;-1.222
Q7020516;Newtongrange;Newtongrange;GB;55.8684;-3.0666
Q704864;Tamworth;Tamworth;GB;52.63388888888889;-1.695
Q7070441;Nutfield;Nutfield;GB;51.238580555556;-0.13255833333333
Q7088768;Olton;Olton;GB;52.4377;-1.8058
Q7104190;Orston;Orston;GB;52.95;-0.866667
Q7110475;Oulton Broad;Oulton Broad;GB;52.467;1.717
Q7131949;Pantyffynnon;Pantyffynnon;GB;51.778173545487356;-3.997816016056634
Q7137756;Park Hall;Park Hall;GB;52.573;-1.9449
Q7162166;Penally;Penally;GB;51.6597;-4.72278
Q7164562;Penrhiwceiber;Penrhiwceiber;GB;51.67;-3.361
Q7165293;Pentrebach;Pentrebach;GB;51.7256;-3.35667
Q7194241;Pilning;Pilning;GB;51.564;-2.6417
Q7205433;Plumley;Plumley;GB;53.2761;-2.42472
Q722585;Caldicot;Caldicot;GB;51.590833333333;-2.7491666666667
Q72259;Portsmouth;Portsmouth;GB;50.805833333333;-1.0872222222222
Q7228312;Pontlottyn;Pontlottyn;GB;51.733333333333;-3.3
Q723329;Ascot;Ascot;GB;51.4084;-0.6707
Q723517;Lostwithiel;Lostwithiel;GB;50.407411111111;-4.6696388888889
Q7240575;Prenton;Prenton;GB;53.3721;-3.0385
Q724182;St Ives;St Ives;GB;50.21;-5.48
Q7242055;Prestonpans;Prestonpans;GB;55.9597;-2.961
Q725261;Ashford;Ashford;GB;51.1465;0.8676
Q727520;Dalkeith;Dalkeith;GB;55.893642;-3.068332
Q728477;Lampeter;Lampeter;GB;52.1202;-4.0821
Q728994;Albrighton;Albrighton;GB;52.6344;-2.277
Q729006;Chatham;Chatham;GB;51.381944444444;0.52333333333333
Q731069;Eastleigh;Eastleigh;GB;50.966666666667;-1.35
Q731209;Aspley Guise;Aspley Guise;GB;52.0126;-0.6285
Q7313552;Renton;Renton;GB;55.962;-4.574
Q7316180;Reston;Reston;GB;53.3321;0.077595
Q7321494;Rhosneigr;Rhosneigr;GB;53.227777777777774;-4.518888888888889
Q732745;Warminster;Warminster;GB;51.209;-2.18
Q7332950;Riding Mill;Riding Mill;GB;54.948;-1.978
Q734313;Berkswell;Berkswell;GB;52.409;-1.642
Q734453;Pevensey;Pevensey;GB;50.82055555555556;0.3380555555555556
Q734696;Fleet;Fleet;GB;51.2834;-0.8456
Q734743;Moreton-in-Marsh;Moreton-in-Marsh;GB;51.988;-1.701
Q7352064;Robertsbridge;Robertsbridge;GB;50.99;0.47
Q7359416;Rogiet;Rogiet;GB;51.589;-2.787
Q7361106;Rolleston;Rolleston;GB;53.064;-0.891
Q736186;Lingfield;Lingfield;GB;51.175;-0.0171
Q736439;Ramsgate;Ramsgate;GB;51.343911111111;1.4040305555556
Q736785;Morpeth;Morpeth;GB;55.1675;-1.6908333333333
Q7372088;Rowlands Castle;Rowlands Castle;GB;50.8912;-0.96006
Q7375151;Roybridge;Roybridge;GB;56.891;-4.841
Q737547;Motherwell;Motherwell;GB;55.789166666667;-3.9955555555556
Q737593;Battle;Battle;GB;50.916666666667;0.48333333333333
Q7380805;Rushenden;Rushenden;GB;51.41;0.74
Q738184;Brading;Brading;GB;50.679;-1.14
Q738869;Kirkby-in-Ashfield;Kirkby-in-Ashfield;GB;53.1;-1.25
Q739250;Maiden Newton;Maiden Newton;GB;50.776561111111;-2.57435
Q7404397;Salfords;Salfords;GB;51.2014;-0.1683
Q741400;Camberley;Camberley;GB;51.335;-0.742
Q741415;Bruton;Bruton;GB;51.113411111111;-2.4528027777778
Q7416391;Sandiway;Sandiway;GB;53.2333;-2.6
Q7424319;Sarn;Sarn;GB;52.51;-3.174
Q743521;Scarborough;Scarborough;GB;54.2825;-0.4
Q7442007;Seaton Carew;Seaton Carew;GB;54.6628;-1.18882
Q7457920;Severn Beach;Severn Beach;GB;51.5583;-2.6583
Q746681;Egham;Egham;GB;51.4289;-0.5479
Q746718;Birkenhead;Birkenhead;GB;53.383333333333;-3.0166666666667
Q747456;South Ockendon;South Ockendon;GB;51.5207;0.2956
Q747777;Neilston;Neilston;GB;55.7847;-4.4234
Q747778;Atherstone;Atherstone;GB;52.5787;-1.5462
Q747807;Horsforth;Horsforth;GB;53.834130555556;-1.6428805555556
Q748532;St Keyne;St Keyne;GB;50.4167;-4.46667
Q748591;Haltwhistle;Haltwhistle;GB;54.97;-2.458
Q748761;Horton in Ribblesdale;Horton in Ribblesdale;GB;54.149719444444;-2.2961
Q749246;Grindleford;Grindleford;GB;53.292;-1.638
Q7514340;Silecroft;Silecroft;GB;54.2255;-3.3348
Q751602;Heckington;Heckington;GB;52.982;-0.304
Q752762;Merthyr Tudful;Merthyr Tydfil;GB;51.74722222222222;-3.3780555555555556
Q7540032;Sleights;Sleights;GB;54.4503;-0.6624
Q7579168;Spooner Row;Spooner Row;GB;52.5341;1.08892
Q7611149;Stepps;Stepps;GB;55.8908;-4.1522
Q761259;Sherburn in Elmet;Sherburn in Elmet;GB;53.7973;-1.2331
Q7618200;Stocksfield;Stocksfield;GB;54.948;-1.914
Q7618506;Stoke d'Abernon;Stoke d'Abernon;GB;51.3188;-0.384
Q7620672;Stow;Stow;GB;55.6918;-2.8621
Q7629294;Styal;Styal;GB;53.3485;-2.2485
Q763171;Wakefield;Wakefield;GB;53.683055555555555;-1.498888888888889
Q7637597;Summerhill;Summerhill;GB;53.0697;-3.0264
Q764754;Bury St Edmunds;Bury St Edmunds;GB;52.246667;0.7125
Q7654068;Sway;Sway;GB;50.783;-1.6
Q7658401;Swinderby;Swinderby;GB;53.158;-0.702
Q766594;Bewdley;Bewdley;GB;52.375238888889;-2.3162388888889
Q767858;Pershore;Pershore;GB;52.114;-2.08
Q7680325;Talsarnau;Talsarnau;GB;52.9035;-4.06461
Q7688391;Tattenham Corner;Tattenham Corner;GB;51.309;-0.243
Q770599;Shoreham-by-Sea;Shoreham-by-Sea;GB;50.8329;-0.2682
Q771986;Chepstow;Chepstow;GB;51.641944444444;-2.675
Q772614;St Austell;St Austell;GB;50.338;-4.795
Q774099;Kingsbridge;Kingsbridge;GB;50.2833;-3.7765
Q775299;Chippenham;Chippenham;GB;51.4585;-2.1158
Q776556;Ryde;Ryde;GB;50.7271;-1.1618
Q776662;Paignton;Paignton;GB;50.435277777778;-3.5625
Q777460;Arlesey;Arlesey;GB;52.007;-0.2654
Q777475;Claygate;Claygate;GB;51.3607;-0.3421
Q779603;Market Rasen;Market Rasen;GB;53.387130555556;-0.3355
Q7796469;Thornliebank;Thornliebank;GB;55.8;-4.31667
Q7796521;Thornton Curtis;Thornton Curtis;GB;53.6465;-0.356438
Q7796582;Thorntonhall;Thorntonhall;GB;55.769444444444;-4.2480555555556
Q7800812;Tidbury Green;Tidbury Green;GB;52.3806;-1.8538
Q780923;Wallasey;Wallasey;GB;53.423;-3.065
Q7810419;Tividale;Tividale;GB;52.5124;-2.053
Q782155;Jarrow;Jarrow;GB;54.98138888888889;-1.49
Q7826059;Tornagrain;Tornagrain;GB;57.5206;-4.06331
Q783210;Bracknell;Bracknell;GB;51.416;-0.749
Q783269;Bingham;Bingham;GB;52.95;-0.954
Q7837902;Treherbert;Treherbert;GB;51.6722;-3.5306
Q7844936;Troed y Rhiw;Troed y Rhiw;GB;52.15;-4.19
Q784824;Pembroke Dock;Pembroke Dock;GB;51.69222;-4.9399
Q787395;Llanfairfechan;Llanfairfechan;GB;53.253;-3.973
Q7881251;Umberleigh;Umberleigh;GB;50.9953;-3.9838
Q789348;Baldock;Baldock;GB;51.989722222222;-0.18888888888889
Q7898289;Uphall Station;Uphall Station;GB;55.9177;-3.5041
Q7898503;Upper Boat;Upper Boat;GB;51.5736;-3.29444
Q7898869;Upper Poppleton;Upper Poppleton;GB;53.98;-1.153
Q7899020;Upper Woolhampton;Upper Woolhampton;GB;51.4035;-1.17112
Q790938;Aviemore;Aviemore;GB;57.194;-3.823
Q792596;Axminster;Axminster;GB;50.783333;-3.0
Q793057;Aylesford;Aylesford;GB;51.3033;0.4796
Q7960185;Wainscott;Wainscott;GB;51.4115;0.51143
Q796625;Edale;Edale;GB;53.366;-1.816
Q79848;Southampton;Southampton;GB;50.906666666666666;-1.4044444444444444
Q7986723;West Tytherley;West Tytherley;GB;51.0669;-1.60997
Q7988910;Westhumble;Westhumble;GB;51.2545;-0.3331
Q798906;Penrith;Penrith;GB;54.6648;-2.7548
Q7990556;Whaley Thorns;Whaley Thorns;GB;53.234;-1.204
Q8023883;Winchfield;Winchfield;GB;51.268288888889;-0.90055
Q8036878;Wormley (Surrey);Wormley;GB;51.1362;-0.6464
Q8059804;Ystrad Rhondda;Ystrad;GB;51.6428;-3.45385
Q808532;Barnstaple;Barnstaple;GB;51.0823;-4.0489
Q808993;Barrow upon Soar;Barrow upon Soar;GB;52.7517;-1.15
Q809009;Barry;Barry;GB;51.4064;-3.2667
Q810196;Basingstoke;Basingstoke;GB;51.262826;-1.0861976
Q810794;Bathgate;Bathgate;GB;55.9024;-3.6431
Q810847;Batley;Batley;GB;53.71666666666667;-1.6355555555555554
Q812906;Beaconsfield;Beaconsfield;GB;51.600872222222;-0.63468055555556
Q813574;Beccles;Beccles;GB;52.4512;1.5744
Q813962;Bedworth;Bedworth;GB;52.475;-1.477
Q82181;East Lindsey;East Lindsey;GB;53.25;-0.05
Q82334;Filey;Filey;GB;54.2101;-0.2893
Q823600;Chesterfield;Chesterfield;GB;53.235833333333;-1.4275
Q826561;Halifax;Halifax;GB;53.725;-1.863
Q826782;Stafford;Stafford;GB;52.8066;-2.1171
Q83065;Leicester;Leicester;GB;52.63611111111111;-1.1330555555555555
Q83434;Southall;Southall;GB;51.51111111111111;-0.3755555555555556
Q835835;Carmarthen;Carmarthen;GB;51.856944444444;-4.3163888888889
Q839811;Ludlow;Ludlow;GB;52.366666666667;-2.7166666666667
Q84;Londres;London;GB;51.507222222222;-0.1275
Q841074;Elgin;Elgin;GB;57.646388888889;-3.3152777777778
Q841979;Mansfield;Mansfield;GB;53.1435;-1.1963
Q844062;Kidderminster;Kidderminster;GB;52.3885;-2.249
Q844908;Crawley;Crawley;GB;51.1157;-0.1937
Q845619;Taunton;Taunton;GB;51.019166666667;-3.1
Q845623;Weston-super-Mare;Weston-super-Mare;GB;51.34777777777778;-2.9780555555555557
Q846683;Grantham;Grantham;GB;52.918055555556;-0.63805555555556
Q848287;Livingston;Livingston;GB;55.8834;-3.5157
Q848909;Fort William;Fort William;GB;56.816944444444;-5.1097222222222
Q851718;Beverley;Beverley;GB;53.8425488;-0.4315677
Q852729;Harlow;Harlow;GB;51.783333333333;0.11666666666667
Q852778;Whitby;Whitby;GB;54.4858;-0.6206
Q853012;Bexhill;Bexhill-on-Sea;GB;50.84166666666667;0.4711111111111111
Q858775;Dartford;Dartford;GB;51.44444444444444;0.21722222222222223
Q862832;Billericay;Billericay;GB;51.628;0.4184
Q862891;Billingham;Billingham;GB;54.61;-1.27
Q863832;Bingley;Bingley;GB;53.846;-1.836
Q864668;Caithness;Caithness;GB;58.416666666667;-3.5
Q865021;Birchington;Birchington;GB;51.376944;1.305
Q865716;Redditch;Redditch;GB;52.30694444444445;-1.9491666666666667
Q866339;Bishop Auckland;Bishop Auckland;GB;54.66;-1.68
Q866347;Bishopbriggs;Bishopbriggs;GB;55.9046;-4.225
Q867120;Church Stretton;Church Stretton;GB;52.539;-2.808
Q868196;Royal Sutton Coldfield;Sutton Coldfield;GB;52.563;-1.822
Q868637;Macclesfield;Macclesfield;GB;53.2581;-2.1274
Q868642;Newcastle-under-Lyme;Newcastle-under-Lyme;GB;53.0109;-2.2278
Q868647;Southport;Southport;GB;53.646944444444;-3.0080555555556
Q869556;Craven Arms;Craven Arms;GB;52.44;-2.835
Q880861;Blackheath;Blackheath;GB;51.47;0.009
Q881062;Blaenau Ffestiniog;Blaenau Ffestiniog;GB;52.994444444444;-3.9375
Q881156;Blair Atholl;Blair Atholl;GB;56.77;-3.84
Q881708;Blantyre (Écosse);Blantyre;GB;55.79361111111111;-4.091944444444445
Q886899;Blyth;Blyth;GB;55.126;-1.514
Q889888;Bodmin;Bodmin;GB;50.466;-4.718
Q890621;Bognor Regis;Bognor Regis;GB;50.782369444444;-0.67638888888889
Q893159;Bootle;Bootle;GB;53.45;-2.9941666666667
Q894095;Warrington;Warrington;GB;53.388888888888886;-2.596111111111111
Q894252;Borth;Borth;GB;52.485330555556;-4.0510305555556
Q895264;Bourton-on-the-Water;Bourton-on-the-Water;GB;51.886;-1.759
Q895452;Bowling;Bowling;GB;55.9333;-4.5
Q896940;Bradford-on-Avon;Bradford-on-Avon;GB;51.3469;-2.251
Q9033431;Minster;Minster;GB;51.3332;1.3082
Q904472;Brecon;Brecon;GB;51.94677;-3.39086
Q909119;Caerphilly;Caerphilly;GB;51.578;-3.218
Q909146;Godalming;Godalming;GB;51.185;-0.61
Q909993;Brentwood;Brentwood;GB;51.620277777778;0.305
Q913386;Scunthorpe;Scunthorpe;GB;53.5809;-0.6502
Q913499;Wellingborough;Wellingborough;GB;52.294;-0.6964
Q913663;Bridge of Orchy;Bridge of Orchy;GB;56.5179;-4.7705
Q914015;Bridgwater;Bridgwater;GB;51.128;-2.993
Q917474;Hugh Town;Hugh Town;GB;49.914611111111114;-6.316
Q9180055;Brookmans Park;Brookmans Park;GB;51.721;-0.203
Q918787;Cramlington;Cramlington;GB;55.082;-1.585
Q920646;Haywards Heath;Haywards Heath;GB;51.0048;-0.0979
Q922739;Broadstairs;Broadstairs;GB;51.358880555556;1.4394388888889
Q925424;Christchurch;Christchurch;GB;50.73;-1.78
Q925760;Neston;Neston;GB;53.289722222222224;-3.0641666666666665
Q927910;Cantley;Cantley;GB;53.51;-1.06
Q9298767;Long Preston;Long Preston;GB;54.0184;-2.2529
Q9324032;Runnymede;Runnymede;GB;51.395;-0.541
Q932841;Wickford;Wickford;GB;51.6114;0.5207
Q933113;Blaydon;Blaydon;GB;54.963;-1.7187
Q9341379;Stallingborough;Stallingborough;GB;53.589;-0.1837
Q935702;Oban;Oban;GB;56.409722222222;-5.4725
Q936183;Tonbridge;Tonbridge;GB;51.195833333333;0.275
Q939049;Prestwick;Prestwick;GB;55.495551;-4.61416
Q939838;Sevenoaks;Sevenoaks;GB;51.2781;0.1874
Q939913;Kyle of Lochalsh;Kyle of Lochalsh;GB;57.281666666667;-5.7133333333333
Q940394;Littleworth;Littleworth;GB;51.673;-1.55
Q943517;Newquay;Newquay;GB;50.412;-5.0757
Q943931;Padstow;Padstow;GB;50.538;-4.938
Q947400;Hexham;Hexham;GB;54.966666666667;-2.1
Q947442;Edenbridge;Edenbridge;GB;51.1993;0.0691
Q950671;Porthmadog;Porthmadog;GB;52.928055555556;-4.1333333333333
Q953645;South Elmsall;South Elmsall;GB;53.5959;-1.2726027777778
Q954528;Cudworth;Cudworth;GB;53.5784;-1.4149
Q954764;Thames Ditton;Thames Ditton;GB;51.3948;-0.34125
Q957272;Armadale;Armadale;GB;57.06487;-5.901138
Q960950;Hutton Cranswick;Hutton Cranswick;GB;53.958613888889;-0.44214166666667
Q9611;Rickmansworth;Rickmansworth;GB;51.6383;-0.4659
Q963723;Ewell;Ewell;GB;51.3502;-0.2486
Q965305;Crianlarich;Crianlarich;GB;56.3942;-4.61667
Q9676;Île de Man;Isle of Man;IM;54.235;-4.525
Q9681;Hertford;Hertford;GB;51.795;-0.078
Q968959;Waltham Cross;Waltham Cross;GB;51.686;-0.0331
Q971223;Buxton;Buxton;GB;53.259;-1.911
Q972353;Polmont;Polmont;GB;55.9908;-3.7064
Q974134;Howwood;Howwood;GB;55.809;-4.558
Q975042;Harlington;Harlington;GB;51.963355555556;-0.49500555555556
Q977991;Skegness;Skegness;GB;53.14361111111111;0.3427777777777778
Q979357;Ulverston;Ulverston;GB;54.193;-3.09
Q980084;Nairn;Nairn;GB;57.583333333333;-3.8666666666667
Q984613;Kettering;Kettering;GB;52.4;-0.73333333333333
Q984974;Bude;Bude;GB;50.824;-4.542
Q985279;Morecambe;Morecambe;GB;54.066666666667;-2.85
Q985313;Ingleton;Ingleton;GB;54.1512;-2.4723
Q985833;Clacton-on-Sea;Clacton-on-Sea;GB;51.7918;1.1457
Q986007;Lowestoft;Lowestoft;GB;52.48;1.75
Q986046;Alderley Edge;Alderley Edge;GB;53.303;-2.236
Q987775;Laurencekirk;Laurencekirk;GB;56.83216;-2.466523
Q987782;Insch;Insch;GB;57.341;-2.61302
Q988761;Denham;Denham;GB;51.563;-0.499
Q989418;Stockton-on-Tees;Stockton-on-Tees;GB;54.57;-1.32
Q990103;Haverfordwest;Haverfordwest;GB;51.801111111111;-4.9694444444444
Q990112;Littlehampton;Littlehampton;GB;50.809380555556;-0.54088888888889
Q990125;Llanelli;Llanelli;GB;51.683333333333;-4.15
Q990130;Hoek van Holland;Hook of Holland;NL;51.9763;4.1323
Q990153;Cwmbran;Cwmbran;GB;51.653;-3.021
Q990168;Keighley;Keighley;GB;53.866666666667;-1.9166666666667
Q990253;Henley-on-Thames;Henley-on-Thames;GB;51.536111111111;-0.90277777777778
Q990616;Harwich;Harwich;GB;51.94444444444444;1.2883333333333333
Q990677;Brora;Brora;GB;58.01;-3.85
Q991055;Milford Haven;Milford Haven;GB;51.714180555556;-5.0427388888889
Q991532;Grays;Grays;GB;51.4724;0.3247
Q992665;Cannock;Cannock;GB;52.688;-2.029
Q993164;Epsom;Epsom;GB;51.336111111111;-0.2675
Q994575;Kendal;Kendal;GB;54.326;-2.745
Q994703;Mistley;Mistley;GB;51.944;1.081
Q994925;Corby;Corby;GB;52.491388888889;-0.69638888888889
Q995488;Sandhurst;Sandhurst;GB;51.349;-0.8
Q995623;Great Bedwyn;Great Bedwyn;GB;51.379;-1.602
Q996492;Llandudno;Llandudno;GB;53.3225;-3.825
Q996502;Clydebank;Clydebank;GB;55.8997;-4.4006
Q996526;Ullapool;Ullapool;GB;57.897288;-5.161394
Q996600;Sanquhar;Sanquhar;GB;55.3679;-3.92463
Q996616;Cumbernauld;Cumbernauld;GB;55.94;-3.98
VGB-abbas-combe;Abbas Combe;Abbas Combe;GB;51.00159399924917;-2.4172852
VGB-appley-bridge;Appley Bridge;Appley Bridge;GB;53.57870799912753;-2.7195791
VGB-bamber-bridge;Bamber Bridge;Bamber Bridge;GB;53.72690929914493;-2.6614197999999996
VGB-beare-green;Beare Green;Beare Green;GB;51.181128199219316;-0.320874
VGB-bells-yew-green;Bells Yew Green;Bells Yew Green;GB;51.10408969923182;0.29433739999999997
VGB-blaenau-dolwyddelan;Blaenau Dolwyddelan;Blaenau Dolwyddelan;GB;53.04439679908934;-3.9215232
VGB-blaich;Blaich;Blaich;GB;56.855984400185875;-5.2903522
VGB-clarbeston-road;Clarbeston Road;Clarbeston Road;GB;51.851740999131266;-4.882155899999999
VGB-cleland;Cleland;Cleland;GB;55.80442969970685;-3.9107267
VGB-colwall-stone;Colwall Stone;Colwall Stone;GB;52.07984269911096;-2.3567990999999995
VGB-corner-hall;Corner Hall;Corner Hall;GB;51.732364999143975;-0.46298880000000003
VGB-dean-row;Dean Row;Dean Row;GB;53.34644599910628;-2.2136737
VGB-dolwyddelan;Dolwyddelan;Dolwyddelan;GB;53.05157029908961;-3.8845507
VGB-durgates;Durgates;Durgates;GB;51.07338829923692;0.31304059999999995
VGB-east-boldon;East Boldon;East Boldon;GB;54.94634499940445;-1.4201544999999998
VGB-east-malling;East Malling;East Malling;GB;51.285671299203045;0.44035949999999996
VGB-edwardsville;Edwardsville;Edwardsville;GB;51.66036369915227;-3.3229308000000004
VGB-enton-green;Enton Green;Enton Green;GB;51.1631789992222;-0.6368938999999999
VGB-great-meols;Great Meols;Great Meols;GB;53.399438199110456;-3.1539245999999994
VGB-harbour-village;Harbour Village;Harbour Village;GB;52.01069169911655;-4.986172999999999
VGB-harry-stoke;Harry Stoke;Harry Stoke;GB;51.52582709916911;-2.5623446999999997
VGB-haslucks-green;Haslucks Green;Haslucks Green;GB;52.4035741990916;-1.8451962
VGB-hattersley;Hattersley;Hattersley;GB;53.44493759911439;-2.039436
VGB-highbridge;Highbridge;Highbridge;GB;51.21831319921343;-2.9720037
VGB-huncoat;Huncoat;Huncoat;GB;53.77224339915086;-2.3470471999999996
VGB-kempton-park;Kempton Park;Kempton Park;GB;51.42100389918332;-0.4094874
VGB-kilgetty;Kilgetty;Kilgetty;GB;51.732200899144;-4.714385799999999
VGB-kirkconnel;Kirkconnel;Kirkconnel;GB;55.38750919954837;-3.9988105
VGB-llanharan;Llanharan;Llanharan;GB;51.53762959916756;-3.4416548999999996
VGB-long-buckby-wharf;Long Buckby Wharf;Long Buckby Wharf;GB;52.29441419909684;-1.0860558
VGB-lostock-hall;Lostock Hall;Lostock Hall;GB;53.72434969914462;-2.6870007999999994
VGB-lower-higham;Lower Higham;Lower Higham;GB;51.4269529991825;0.4660183
VGB-molehill-green;Molehill Green;Molehill Green;GB;51.88925959912758;0.26215369999999993
VGB-newton-village;Newton Village;Newton Village;GB;55.91769659975335;-3.0902235
VGB-newtonmoor;Newtonmoor;Newtonmoor;GB;53.45224879911503;-2.0556364
VGB-old-hill;Old Hill;Old Hill;GB;52.47079389908906;-2.0561814
VGB-pantygraigwen;Pantygraigwen;Pantygraigwen;GB;51.61009659915837;-3.3807002999999995
VGB-pelaw;Pelaw;Pelaw;GB;54.95314639940645;-1.571771
VGB-pont-cyfyng;Pont Cyfyng;Pont Cyfyng;GB;53.102165;-3.902861
VGB-pont-y-waun;Pont-y-waun;Pont-y-waun;GB;51.620757499157065;-3.1258367
VGB-rhoose;Rhoose;Rhoose;GB;51.387454;-3.347599
VGB-saxilby;Saxilby;Saxilby;GB;53.26731399910066;-0.6645836000000002
VGB-south-godstone;South Godstone;South Godstone;GB;51.21818549921345;-0.05143629999999999
VGB-south-nutfield;South Nutfield;South Nutfield;GB;51.22674449921212;-0.1322636
VGB-stoford;Stoford;Stoford;GB;50.92481429926264;-2.6122447
VGB-stonegate;Stonegate;Stonegate;GB;51.02014039924598;0.36338699999999996
VGB-stromeferry;Stromeferry;Stromeferry;GB;57.35220030043863;-5.550769599999999
VGB-taffs-well;Taffs Well;Taffs Well;GB;51.541245999167096;-3.2638821999999994
VGB-the-green;The Green;The Green;GB;54.2444247992297;-3.2454083
VGB-three-oaks;Three Oaks;Three Oaks;GB;50.91862549926375;0.6100124
VGB-tredinnick;Tredinnick;Tredinnick;GB;50.40568949936364;-4.4664151
VGB-tregof;Tregof;Tregof;GB;51.66150719915214;-3.8854619
VGB-twemlow-green;Twemlow Green;Twemlow Green;GB;53.22256989909789;-2.3263394
VGB-walhampton;Walhampton;Walhampton;GB;50.75769209929336;-1.5293234999999998
VGB-west-boldon;West Boldon;West Boldon;GB;54.95951929940835;-1.4606839999999999
VGB-west-timperley;West Timperley;West Timperley;GB;53.39574459911016;-2.3432686
VGB-westrigg;Westrigg;Westrigg;GB;55.88438249973955;-3.7502801000000003
VGB-whitland;Whitland;Whitland;GB;51.818024999134714;-4.6149893
VGB-widdrington-station;Widdrington Station;Widdrington Station;GB;55.24114439949783;-1.6162192
VGB-wrea-green;Wrea Green;Wrea Green;GB;53.764753099149885;-2.9429623999999994
