gare_id;source;code
TN8300035;ITALO;OUE
TN8300035;OSM;11592793752
TN8300035;UIC;8300035
TN8300035;WIKIDATA;Q782123
TN8300219;ITALO;TOP
TN8300219;OSM;3395226356
TN8300219;UIC;8300219
TN8300219;WIKIDATA;Q801523
TN8301039;ITALO;RRO
TN8301039;UIC;8301039
TN8301700;ITALO;MC_
TN8301700;OSM;6067258870
TN8301700;UIC;8301700
TN8301700;WIKIDATA;Q801193
TN8301717;ITALO;BSC
TN8301717;OSM;4553822557
TN8301717;UIC;8301717
TN8301717;WIKIDATA;Q727319
TN8301820;ITALO;RG_
TN8301820;OSM;9635608905
TN8301820;UIC;8301820
TN8301820;WIKIDATA;Q801189
TN8301860;ITALO;P3_
TN8301860;OSM;211030020
TN8301860;UIC;8301860
TN8301860;WIKIDATA;Q179302
TN8302026;ITALO;BLZ
TN8302026;OSM;1455004982
TN8302026;UIC;8300084
TN8302026;UIC;8302026
TN8302026;WIKIDATA;Q800560
TN8302038;ITALO;TCN
TN8302038;OSM;1764381735
TN8302038;UIC;8302038
TN8302038;WIKIDATA;Q1404881
TN8302044;ITALO;RVR
TN8302044;OSM;1764381725
TN8302044;UIC;8300113
TN8302044;UIC;8302044
TN8302044;WIKIDATA;Q3970745
TN8302084;ITALO;DSG
TN8302084;OSM;3324839623
TN8302084;UIC;8302084
TN8302084;WIKIDATA;Q3969525
TN8302088;ITALO;PSY
TN8302088;OSM;3324817342
TN8302088;UIC;8302088
TN8302088;WIKIDATA;Q3970454
TN8302430;ITALO;VPN
TN8302430;OSM;3738591149
TN8302430;UIC;8302430
TN8302430;WIKIDATA;Q908640
TN8302446;ITALO;VIC
TN8302446;OSM;6061881431
TN8302446;UIC;8302446
TN8302446;WIKIDATA;Q3971299
TN8302581;ITALO;PD_
TN8302581;OSM;6063641896
TN8302581;UIC;8302581
TN8302581;WIKIDATA;Q1150874
TN8302589;ITALO;VEM
TN8302589;OSM;6063641892
TN8302589;UIC;8302589
TN8302589;WIKIDATA;Q520844
TN8302593;ITALO;VSL
TN8302593;UIC;8302593
TN8302666;ITALO;SDP
TN8302666;UIC;8302666
TN8302701;ITALO;PNE
TN8302701;OSM;1670700542
TN8302701;UIC;8302701
TN8302701;WIKIDATA;Q3970559
TN8302706;ITALO;CON
TN8302706;OSM;6813794768
TN8302706;UIC;8302706
TN8302706;WIKIDATA;Q1117362
TN8303026;ITALO;UDN
TN8303026;OSM;11561037998
TN8303026;UIC;8303026
TN8303026;WIKIDATA;Q588301
TN8303200;ITALO;PGR
TN8303200;OSM;12293982265
TN8303200;UIC;8303200
TN8303200;WIKIDATA;Q3970581
TN8303202;ITALO;LTL
TN8303202;UIC;8303202
TN8303213;ITALO;RHA
TN8303213;OSM;5488665598
TN8303213;UIC;8303213
TN8303213;WIKIDATA;Q48179288
TN8303310;ITALO;MNF
TN8303310;OSM;1623797404
TN8303310;UIC;8303310
TN8303310;WIKIDATA;Q3970182
TN8303317;ITALO;TSC
TN8303317;OSM;13732686802
TN8303317;UIC;8303317
TN8303317;WIKIDATA;Q801532
TN8304700;ITALO;G__
TN8304700;OSM;1777874067
TN8304700;UIC;8304700
TN8304700;WIKIDATA;Q800816
TN8304702;ITALO;GB_
TN8304702;OSM;36899984
TN8304702;UIC;8304702
TN8304702;WIKIDATA;Q221313
TN8305043;ITALO;BC_
TN8305043;OSM;12294207488
TN8305043;UIC;8305043
TN8305043;WIKIDATA;Q800557
TN8305254;ITALO;AAV
TN8305254;OSM;14031149407
TN8305254;UIC;8305254
TN8305254;WIKIDATA;Q1155591
TN8305706;ITALO;R__
TN8305706;OSM;968923469
TN8305706;UIC;8305706
TN8305706;WIKIDATA;Q3970748
TN8305712;ITALO;F__
TN8305712;OSM;2121919441
TN8305712;UIC;8305712
TN8305712;WIKIDATA;Q3969599
TN8306421;ITALO;SMN
TN8306421;OSM;1835203780
TN8306421;UIC;8306421
TN8306421;WIKIDATA;Q800761
TN8308217;ITALO;RTB
TN8308217;OSM;1313285471
TN8308217;UIC;8308217
TN8308217;WIKIDATA;Q801376
TN8308409;ITALO;RMT
TN8308409;OSM;251904108
TN8308409;UIC;8308409
TN8308409;WIKIDATA;Q754485
TN8309006;ITALO;AVR
TN8309006;OSM;25399515
TN8309006;UIC;8309006
TN8309006;WIKIDATA;Q3968936
TN8309211;ITALO;CEA
TN8309211;OSM;1215079672
TN8309211;UIC;8309211
TN8309211;WIKIDATA;Q3969276
TN8309218;ITALO;NAC
TN8309218;OSM;9126486961
TN8309218;UIC;8309218
TN8309218;WIKIDATA;Q801237
TN8309311;ITALO;BEN
TN8309311;OSM;13424607466
TN8309311;UIC;8309311
TN8309311;WIKIDATA;Q751119
TN8309818;ITALO;SAL
TN8309818;OSM;4190669370
TN8309818;UIC;8309818
TN8309818;WIKIDATA;Q964932
TN8309988;ITALO;NAF
TN8309988;OSM;4905758798
TN8309988;UIC;8309988
TN8309988;WIKIDATA;Q3970269
TN8311100;ITALO;FG_
TN8311100;OSM;13749195446
TN8311100;UIC;8311100
TN8311100;WIKIDATA;Q3969635
TN8311108;ITALO;BLT
TN8311108;OSM;1699232800
TN8311108;UIC;8311108
TN8311108;WIKIDATA;Q3969004
TN8311112;ITALO;TR_
TN8311112;OSM;1882308946
TN8311112;UIC;8311112
TN8311112;WIKIDATA;Q17100170
TN8311113;ITALO;BIG
TN8311113;OSM;12294117214
TN8311113;UIC;8311113
TN8311113;WIKIDATA;Q16984431
TN8311114;ITALO;ML_
TN8311114;OSM;1882388462
TN8311114;UIC;8311114
TN8311114;WIKIDATA;Q17637397
TN8311119;ITALO;BAC
TN8311119;OSM;1769071539
TN8311119;UIC;8311119
TN8311119;WIKIDATA;Q790420
TN8311705;ITALO;AGR
TN8311705;OSM;4460442244
TN8311705;UIC;8311705
TN8311705;WIKIDATA;Q16608718
TN8311709;ITALO;VLH
TN8311709;OSM;2357634229
TN8311709;UIC;8311709
TN8311709;WIKIDATA;Q16610017
TN8311721;ITALO;SRI
TN8311721;OSM;5756405235
TN8311721;UIC;8311721
TN8311721;WIKIDATA;Q3970901
TN8311723;ITALO;MRT
TN8311723;OSM;6900820161
TN8311723;UIC;8311723
TN8311723;WIKIDATA;Q3970038
TN8311727;ITALO;SDC
TN8311727;OSM;6900820177
TN8311727;UIC;8311727
TN8311727;WIKIDATA;Q16609878
TN8311739;ITALO;PAR
TN8311739;OSM;6900820162
TN8311739;UIC;8311739
TN8311739;WIKIDATA;Q3970418
TN8311749;ITALO;LON
TN8311749;OSM;6919171916
TN8311749;UIC;8311749
TN8311749;WIKIDATA;Q3969913
TN8311765;ITALO;RUT
TN8311765;OSM;6919346631
TN8311765;UIC;8311765
TN8311765;WIKIDATA;Q3970718
TN8311781;ITALO;RCE
TN8311781;OSM;5371459402
TN8311781;UIC;8311781
TN8311781;WIKIDATA;Q3970657
TN8311789;ITALO;VIP
TN8311789;OSM;7932212641
TN8311789;UIC;8311789
TN8311789;WIKIDATA;Q3971290
TN8313835;ITALO;CDZ
TN8313835;UIC;8313835
TNITALO-lux;ITALO;LUX
TNITALO-sdx;ITALO;SDX
TNITALO-sgm;ITALO;SGM
TNITALO-tdx;ITALO;TDX
TNITALO-trx;ITALO;TRX
TNOSM2490877773;ITALO;LGZ
TNOSM2490877773;OSM;2490877773
TNOSM2490877773;WIKIDATA;Q3969979
